vendorArticleNumber,vendorArticleName,material,productDetails,productType,amazonUrl,myntraUrl,nykaaUrl,wixUrl,imageUrl,price,category,category_url,json_ld
DL0058,"Vanchai 100% Natural Corn Husk Flower Real Dried & Pressed Flowers for Art Craft - DIY Set of 2, Home Decoration | Living Room | Gift | Modern Decoration Items | Sustainable Decor Items",,"FLOWERS MADE UP OF CORN HUSK Handmade flowers that are made from corn husk. Make into bouquets, table number holders, decorations. The blossoms measure 10"" wide and 5"" height. The flowers can be made into bouquets, used as table decorations, in gift wrapping. Naturally Dried Raw, cream, handmade flowers. | Color: off - white | Handmade flowers that are made from corn husk.,Naturally Dried,,,Naturally Dried",,,,,https://www.vanchai.in/product-page/corn-husk-flower-set-of-2,,799.0,ARTIFICIAL_PLANT,,
DL0060,"Vanchai 100% Natural Dried Zinnia Sola Flower, Vase Filler for Home, Office, Bedroom, Table Corner Decoration, DIY Craft, Gift, Modern Decorations ? Set of 5",,"Handmade flowers that are made from tapioca wood peel. It is a softwood. Sola wood- is an entirely natural product derived from the tapioca plant. Make bouquets, table number holders, and decorations. The blossoms measure 2.5"" wide and 12"" height. The flowers can be made into bouquets, used as table decorations, or in gift wrapping. FLORALIS is a one-stop destination for all your dried & natural flowers, botanicals, exotics, potpourri, sola flowers, palm items, cane items & jute items. It is ethically sourced from the forests of India and kept as natural as possible. It can be used to decorate trays, food platters, vases, bouquets, bowls, wedding, arrangements, and events. Give your home a Floralis makeover by going natural. Set Of 5 | Color: off - white | Handmade flowers that are made from Sola,Naturally Dried,,,Naturally Dried",,https://www.amazon.in/dp/B0CTCP6GJJ,https://www.myntra.com/artificial-flowers-and-plants/vanchai/vanchai-white-5-pieces-dried-artificial-flowers/37597102/buy,https://www.nykaafashion.com/vanchai-zinnia-sola-flower-pack-of-5-dried-flowers-vase-filler-for-home-decor/p/22866289,https://www.vanchai.in/product-page/zinnia-sola-flower-5pcs,,699.0,ARTIFICIAL_PLANT,,
DL0061,"Vanchai Natural Dried, Dried, Vase Filler for Home, Office, Bedroom, Table Corner Decoration, DIY Craft ? Set of 5 (Sun Flower Sola (5pcs))",,"Handmade flowers that are made from tapioca wood peel. It is a softwood. Sola wood- is an entirely natural product derived from the tapioca plant. Make bouquets, table number holders, and decorations. The blossoms measure 2.5"" wide and 12"" height. The flowers can be made into bouquets, used as table decorations, or in gift wrapping. FLORALIS is a one-stop destination for all your dried & natural flowers, botanicals, exotics, potpourri, sola flowers, palm items, cane items & jute items. It is ethically sourced from the forests of India and kept as natural as possible. It can be used to decorate trays, food platters, vases, bouquets, bowls, wedding, arrangements, and events. Give your home a Floralis makeover by going natural. Set Of 5 | Color: off - white | Handmade flowers that are made from Sola,Naturally Dried,,,Naturally Dried",,https://www.amazon.in/dp/B0CTCNK2WC?th=1,https://www.myntra.com/artificial-flowers-and-plants/vanchai/vanchai-white-5-pieces-artificial-flower/37597106/buy,,https://www.vanchai.in/product-page/sun-flower-sola-flower-5pcs,,699.0,ARTIFICIAL_PLANT,,
DL0062a,"Vanchai Natural Dried, Dried, Vase Filler for Home, Office, Bedroom, Table Corner Decoration, DIY Craft ? Set of 5 (Almond Sola Flower (5pcs))",,"Handmade flowers that are made from tapioca wood peel. It is a softwood. Sola wood- is an entirely natural product derived from the tapioca plant. Make bouquets, table number holders, and decorations. The blossoms measure 2.5"" wide and 12"" height. The flowers can be made into bouquets, used as table decorations, or in gift wrapping. FLORALIS is a one-stop destination for all your dried & natural flowers, botanicals, exotics, potpourri, sola flowers, palm items, cane items & jute items. It is ethically sourced from the forests of India and kept as natural as possible. It can be used to decorate trays, food platters, vases, bouquets, bowls, wedding, arrangements, and events. Give your home a Floralis makeover by going natural. Set Of 5 | Color: off - white | Handmade flowers that are made from Sola,Naturally Dried,,,Naturally Dried",,https://www.amazon.in/dp/B0CTCMTV7P?th=1,https://www.myntra.com/artificial-flowers-and-plants/vanchai/vanchai-white-5-pieces-artificial-flowers/37597109/buy,https://www.nykaafashion.com/vanchai-almond-sola-flower-pack-of-5-dried-flowers-vase-filler-for-home-decor/p/22866291,,,699.0,ARTIFICIAL_PLANT,,
DL0063aa,"Natural Dried Sola Flower, Dried Sola Flower, Vase Filler for Home, Office, Bedroom, Table Corner Decoration, DIY Craft - Set of 5 (Tree Peony Sola Flower (5sets))",,"Handmade flowers that are made from tapioca wood peel. It is a softwood. Sola wood- is an entirely natural product derived from the tapioca plant. Make bouquets, table number holders, and decorations. The blossoms measure 2.5"" wide and 12"" height. The flowers can be made into bouquets, used as table decorations, or in gift wrapping. FLORALIS is a one-stop destination for all your dried & natural flowers, botanicals, exotics, potpourri, sola flowers, palm items, cane items & jute items. It is ethically sourced from the forests of India and kept as natural as possible. It can be used to decorate trays, food platters, vases, bouquets, bowls, wedding, arrangements, and events. Give your home a Floralis makeover by going natural. Set Of 5 | Color: off - white | Handmade flowers that are made from Sola,Naturally Dried,,,Naturally Dried",,https://www.amazon.in/dp/B0FC532144?th=1,https://www.myntra.com/artificial-flowers-and-plants/vanchai/vanchai-off-white-5-tree-peony-sola-dried-flower/37872648/buy,https://www.nykaafashion.com/vanchai-tree-peony-sola-flower-pack-of-5-dried-flowers-vase-filler-for-home-decor/p/22866292,,,699.0,ARTIFICIAL_PLANT,,
DL0065,"Vanchai Natural Dried Beli Sola Flower, Dried Beli Sola Flower, Beli Flower, Vase Filler for Home, Office, Bedroom, Table Corner Decoration, DIY Craft, Gift, Modern Decorations ? Set of 5",,"Handmade flowers that are made from tapioca wood peel. It is a softwood. Sola wood- is an entirely natural product derived from the tapioca plant. Make bouquets, table number holders, and decorations. The blossoms measure 2.5"" wide and 12"" height. The flowers can be made into bouquets, used as table decorations, or in gift wrapping. FLORALIS is a one-stop destination for all your dried & natural flowers, botanicals, exotics, potpourri, sola flowers, palm items, cane items & jute items. It is ethically sourced from the forests of India and kept as natural as possible. It can be used to decorate trays, food platters, vases, bouquets, bowls, wedding, arrangements, and events. Give your home a Floralis makeover by going natural. Set Of 5 | Color: off - white | Handmade flowers that are made from Sola,Naturally Dried,,,Naturally Dried",,,,,https://www.vanchai.in/product-page/copy-of-carnation-sola-flower-5pcs,,699.0,ARTIFICIAL_PLANT,,
DL0066,"Vanchai Natural Dried, Dried, Vase Filler for Home, Office, Bedroom, Table Corner Decoration, DIY Craft ? Set of 5 (Twisted Roses Sola Flower)",,"Handmade flowers that are made from tapioca wood peel. It is a softwood. Sola wood- is an entirely natural product derived from the tapioca plant. Make bouquets, table number holders, and decorations. The blossoms measure 2.5"" wide and 12"" height. The flowers can be made into bouquets, used as table decorations, or in gift wrapping. FLORALIS is a one-stop destination for all your dried & natural flowers, botanicals, exotics, potpourri, sola flowers, palm items, cane items & jute items. It is ethically sourced from the forests of India and kept as natural as possible. It can be used to decorate trays, food platters, vases, bouquets, bowls, wedding, arrangements, and events. Give your home a Floralis makeover by going natural. Set Of 5 | Color: off - white | Handmade flowers that are made from Sola,Naturally Dried,,,Naturally Dried",,,,,https://www.vanchai.in/product-page/twist-roses-sola-flower-5pcs,,699.0,ARTIFICIAL_PLANT,,
DL0067,"Vanchai Natural Dried Paeonia Sola Flower, Vase Filler for Home, Office, Bedroom, Table Corner Decoration, DIY Craft, Gift, Modern Decorations ? Set of 5",,"Handmade flowers that are made from tapioca wood peel. It is a softwood. Sola wood- is an entirely natural product derived from the tapioca plant. Make bouquets, table number holders, and decorations. The blossoms measure 2.5"" wide and 12"" height. The flowers can be made into bouquets, used as table decorations, or in gift wrapping. FLORALIS is a one-stop destination for all your dried & natural flowers, botanicals, exotics, potpourri, sola flowers, palm items, cane items & jute items. It is ethically sourced from the forests of India and kept as natural as possible. It can be used to decorate trays, food platters, vases, bouquets, bowls, wedding, arrangements, and events. Give your home a Floralis makeover by going natural. Set Of 5 | Color: off - white | Handmade flowers that are made from Sola,Naturally Dried,,,Naturally Dried",,,,,https://www.vanchai.in/product-page/paeonia-sola-flower-5pcs,,699.0,ARTIFICIAL_PLANT,,
DL0068,"Vanchai Natural Dried Rosa Grandiflora Sola Flower, Dried Rosa Grandiflora Sola Flower, Vase Filler for Home, Office, Bedroom, Table Corner Decoration, DIY Craft, Gift, Modern Decorations ? Set of 5",,"Handmade flowers that are made from tapioca wood peel. It is a softwood. Sola wood- is an entirely natural product derived from the tapioca plant. Make bouquets, table number holders, and decorations. The blossoms measure 2.5"" wide and 12"" height. The flowers can be made into bouquets, used as table decorations, or in gift wrapping. FLORALIS is a one-stop destination for all your dried & natural flowers, botanicals, exotics, potpourri, sola flowers, palm items, cane items & jute items. It is ethically sourced from the forests of India and kept as natural as possible. It can be used to decorate trays, food platters, vases, bouquets, bowls, wedding, arrangements, and events. Give your home a Floralis makeover by going natural. Set Of 5 | Color: off - white | Handmade flowers that are made from Sola,Naturally Dried,,,Naturally Dried",,,,,https://www.vanchai.in/product-page/rosa-grandiflora-sola-flower-5pcs,,699.0,ARTIFICIAL_PLANT,,
DL0069,"Vanchai 100% Natural Dried Bourbon Rose Sola Flower, Dried Flower, Vase Filler for Home, Office, Bedroom, Table Corner Decoration, DIY craft, GiFT, modern decorations, Eco Friendly Decorations - 5 pcs",,"Handmade flowers that are made from tapioca wood peel. It is a softwood. Sola wood- is an entirely natural product derived from the tapioca plant. Make bouquets, table number holders, and decorations. The blossoms measure 2.5"" wide and 12"" height. The flowers can be made into bouquets, used as table decorations, or in gift wrapping. FLORALIS is a one-stop destination for all your dried & natural flowers, botanicals, exotics, potpourri, sola flowers, palm items, cane items & jute items. It is ethically sourced from the forests of India and kept as natural as possible. It can be used to decorate trays, food platters, vases, bouquets, bowls, wedding, arrangements, and events. Give your home a Floralis makeover by going natural. Set Of 5 | Color: off - white | Handmade flowers that are made from Sola,Naturally Dried,,,Naturally Dried",,,,,https://www.vanchai.in/product-page/bourbon-rose-sola-flower-5pcs,,699.0,ARTIFICIAL_PLANT,,
DL0070,"Vanchai Natural Dried, Dried, Vase Filler for Home, Office, Bedroom, Table Corner Decoration, DIY Craft ? Set of 5 (Almond Rose Sola Flower (5pcs))",,"Handmade flowers that are made from tapioca wood peel. It is a softwood. Sola wood- is an entirely natural product derived from the tapioca plant. Make bouquets, table number holders, and decorations. The blossoms measure 2.5"" wide and 12"" height. The flowers can be made into bouquets, used as table decorations, or in gift wrapping. FLORALIS is a one-stop destination for all your dried & natural flowers, botanicals, exotics, potpourri, sola flowers, palm items, cane items & jute items. It is ethically sourced from the forests of India and kept as natural as possible. It can be used to decorate trays, food platters, vases, bouquets, bowls, wedding, arrangements, and events. Give your home a Floralis makeover by going natural. Set Of 5 | Color: off - white | Handmade flowers that are made from Sola,Naturally Dried,,,Naturally Dried",,,,,https://www.vanchai.in/product-page/almond-rose-sola-flower-5pcs,,699.0,ARTIFICIAL_PLANT,,
DL0092,"Vanchai Natural Dried Buds Sola Flower, Dried Buds Sola Flower, Sola Flower, Vase Filler for Home, Office, Bedroom, Table Corner Decoration, DIY Craft ? Set of 5",,"Handmade flowers that are made from tapioca wood peel. It is a softwood. Sola wood- is an entirely natural product derived from the tapioca plant. Make bouquets, table number holders, and decorations. The blossoms measure 2.5"" wide and 12"" height. The flowers can be made into bouquets, used as table decorations, or in gift wrapping. FLORALIS is a one-stop destination for all your dried & natural flowers, botanicals, exotics, potpourri, sola flowers, palm items, cane items & jute items. It is ethically sourced from the forests of India and kept as natural as possible. It can be used to decorate trays, food platters, vases, bouquets, bowls, wedding, arrangements, and events. Give your home a Floralis makeover by going natural. Set Of 5 | Color: off - white | Handmade flowers that are made from Sola,Naturally Dried,,,Naturally Dried",,,,,https://www.vanchai.in/product-page/copy-of-sola-flower-dahlia-6cms-5pcs,,699.0,ARTIFICIAL_PLANT,,
MN0039,Vanchai Cane Storage (Flower Basket (Single Handle))),,"These Baskets are Hand-Crafted from the Cane and are Tough and Durable. Suitable for Placing Fruits, Flowers, Snacks, Vegetables, Office Stationery, Cosmetics, etc. Available in a Variety of Styles and Sizes to choose from. These Baskets are Made of Natural Materials, No Glue, No Wax, No Chemicals, and are made in an environment away from City Pollution. Choosing these Baskets will make your and Your Family's Life Healthier. The Surface of the Basket is environment Friendly and Non-Toxic, a complete piece of Decorative and Practical artwork. Each piece is carefully processed, layered, fine-textured and other processes to give you a Soft and Simple Touch. Features: -Made of high-quality Canematerial, it is durable, simple and safe. -You can use it for Fruits, Vegetables, toys and others to keep your home tidy. -It can be used as a hamper, flowerpot, handbag, or essential home decorations. -It is a good choice for friends as a gift. Note: The light and screen setting difference may slightly differ the item's colour from the pictures. Please allow slight dimension difference due to different manual measurements. | Color: Natural | Hand-crafted from natural cane – tough, durable, and long-lasting,Ideal for storing:

Fruits

Flowers

Snacks

Vegetables

Office stationery

Cosmetics

Toys and more,Available in a variety of styles and sizes,Made from 100% natural materials

No glue

No wax

No chemicals,Ideal for storing:

Fruits

Flowers

Snacks

Vegetables

Office stationery

Cosmetics

Toys and more Available in a variety of styles and sizes Made from 100% natural materials

No glue

No wax

No chemicals Crafted in a pollution-free environment, away from city toxins",,https://www.amazon.in/dp/B0F9TGC1M7?th=1,,,,,1999.0,BASKET,,
MN0040,Vanchai Cane Storage (Fruit basket (Round)),,"These Baskets are Hand-Crafted from the Cane and are Tough and Durable. Suitable for Placing Fruits, Flowers, Snacks, Vegetables, Office Stationery, Cosmetics, etc. Available in a Variety of Styles and Sizes to choose from. These Baskets are Made of Natural Materials, No Glue, No Wax, No Chemicals, and are made in an environment away from City Pollution. Choosing these Baskets will make your and Your Family's Life Healthier. The Surface of the Basket is environment Friendly and Non-Toxic, a complete piece of Decorative and Practical artwork. Each piece is carefully processed, layered, fine-textured and other processes to give you a Soft and Simple Touch. Features: -Made of high-quality Canematerial, it is durable, simple and safe. -You can use it for Fruits, Vegetables, toys and others to keep your home tidy. -It can be used as a hamper, flowerpot, handbag, or essential home decorations. -It is a good choice for friends as a gift. Note: The light and screen setting difference may slightly differ the item's colour from the pictures. Please allow slight dimension difference due to different manual measurements. | Color: Natural | Hand-crafted from natural cane – tough, durable, and long-lasting,Ideal for storing:

Fruits

Flowers

Snacks

Vegetables

Office stationery

Cosmetics

Toys and more,Available in a variety of styles and sizes,Made from 100% natural materials

No glue

No wax

No chemicals,Ideal for storing:

Fruits

Flowers

Snacks

Vegetables

Office stationery

Cosmetics

Toys and more Available in a variety of styles and sizes Made from 100% natural materials

No glue

No wax

No chemicals Crafted in a pollution-free environment, away from city toxins",,https://www.amazon.in/dp/B0F9THVP9C,,,,,1999.0,BASKET,,
MN0041,Vanchai Cane Storage (Fruit Basket (Double Handle)),,"These Baskets are Hand-Crafted from the Cane and are Tough and Durable. Suitable for Placing Fruits, Flowers, Snacks, Vegetables, Office Stationery, Cosmetics, etc. Available in a Variety of Styles and Sizes to choose from. These Baskets are Made of Natural Materials, No Glue, No Wax, No Chemicals, and are made in an environment away from City Pollution. Choosing these Baskets will make your and Your Family's Life Healthier. The Surface of the Basket is environment Friendly and Non-Toxic, a complete piece of Decorative and Practical artwork. Each piece is carefully processed, layered, fine-textured and other processes to give you a Soft and Simple Touch. Features: -Made of high-quality Canematerial, it is durable, simple and safe. -You can use it for Fruits, Vegetables, toys and others to keep your home tidy. -It can be used as a hamper, flowerpot, handbag, or essential home decorations. -It is a good choice for friends as a gift. Note: The light and screen setting difference may slightly differ the item's colour from the pictures. Please allow slight dimension difference due to different manual measurements. | Color: Natural | Hand-crafted from natural cane – tough, durable, and long-lasting,Ideal for storing:

Fruits

Flowers

Snacks

Vegetables

Office stationery

Cosmetics

Toys and more,Available in a variety of styles and sizes,Made from 100% natural materials

No glue

No wax

No chemicals,Ideal for storing:

Fruits

Flowers

Snacks

Vegetables

Office stationery

Cosmetics

Toys and more Available in a variety of styles and sizes Made from 100% natural materials

No glue

No wax

No chemicals Crafted in a pollution-free environment, away from city toxins",,https://www.amazon.in/dp/B0F9TKH1KS,,,,,1999.0,BASKET,,
MN0042aa,"Round Storage Cane Basket, Set of 2 (Round Storage Cane Basket, Set of 2 (2"" X 2""))",,"These Baskets are Hand-Crafted from the Cane and are Tough and Durable. Suitable for Placing Fruits, Flowers, Snacks, Vegetables, Office Stationery, Cosmetics, etc. Available in a Variety of Styles and Sizes to choose from. These Baskets are Made of Natural Materials, No Glue, No Wax, No Chemicals, and are made in an environment away from City Pollution. Choosing these Baskets will make your and Your Family's Life Healthier. The Surface of the Basket is environment Friendly and Non-Toxic, a complete piece of Decorative and Practical artwork. Each piece is carefully processed, layered, fine-textured and other processes to give you a Soft and Simple Touch. Features: -Made of high-quality Canematerial, it is durable, simple and safe. -You can use it for Fruits, Vegetables, toys and others to keep your home tidy. -It can be used as a hamper, flowerpot, handbag, or essential home decorations. -It is a good choice for friends as a gift. Note: The light and screen setting difference may slightly differ the item's colour from the pictures. Please allow slight dimension difference due to different manual measurements. | Color: Natural | Hand-crafted from natural cane – tough, durable, and long-lasting,Ideal for storing:

Fruits

Flowers

Snacks

Vegetables

Office stationery

Cosmetics

Toys and more,Available in a variety of styles and sizes,Made from 100% natural materials

No glue

No wax

No chemicals,Ideal for storing:

Fruits

Flowers

Snacks

Vegetables

Office stationery

Cosmetics

Toys and more Available in a variety of styles and sizes Made from 100% natural materials

No glue

No wax

No chemicals Crafted in a pollution-free environment, away from city toxins",,https://www.amazon.in/dp/B0F9TMBP9R?th=1,,,,,1999.0,BASKET,,
MN0042bb,"Round Storage Cane Basket, Set of 2 (Round Storage Cane Basket, Set of 2 (5"" X 3.5""))",,"These Baskets are Hand-Crafted from the Cane and are Tough and Durable. Suitable for Placing Fruits, Flowers, Snacks, Vegetables, Office Stationery, Cosmetics, etc. Available in a Variety of Styles and Sizes to choose from. These Baskets are Made of Natural Materials, No Glue, No Wax, No Chemicals, and are made in an environment away from City Pollution. Choosing these Baskets will make your and Your Family's Life Healthier. The Surface of the Basket is environment Friendly and Non-Toxic, a complete piece of Decorative and Practical artwork. Each piece is carefully processed, layered, fine-textured and other processes to give you a Soft and Simple Touch. Features: -Made of high-quality Canematerial, it is durable, simple and safe. -You can use it for Fruits, Vegetables, toys and others to keep your home tidy. -It can be used as a hamper, flowerpot, handbag, or essential home decorations. -It is a good choice for friends as a gift. Note: The light and screen setting difference may slightly differ the item's colour from the pictures. Please allow slight dimension difference due to different manual measurements. | Color: Natural | Hand-crafted from natural cane – tough, durable, and long-lasting,Ideal for storing:

Fruits

Flowers

Snacks

Vegetables

Office stationery

Cosmetics

Toys and more,Available in a variety of styles and sizes,Made from 100% natural materials

No glue

No wax

No chemicals,Ideal for storing:

Fruits

Flowers

Snacks

Vegetables

Office stationery

Cosmetics

Toys and more Available in a variety of styles and sizes Made from 100% natural materials

No glue

No wax

No chemicals Crafted in a pollution-free environment, away from city toxins",,https://www.amazon.in/dp/B0F9TL73QF?th=1,,,,,1999.0,BASKET,,
MN0042cc,"Round Storage Cane Basket, Set of 2 (Round Storage Cane Basket, Set of 2 (4"" X 3""))",,"These Baskets are Hand-Crafted from the Cane and are Tough and Durable. Suitable for Placing Fruits, Flowers, Snacks, Vegetables, Office Stationery, Cosmetics, etc. Available in a Variety of Styles and Sizes to choose from. These Baskets are Made of Natural Materials, No Glue, No Wax, No Chemicals, and are made in an environment away from City Pollution. Choosing these Baskets will make your and Your Family's Life Healthier. The Surface of the Basket is environment Friendly and Non-Toxic, a complete piece of Decorative and Practical artwork. Each piece is carefully processed, layered, fine-textured and other processes to give you a Soft and Simple Touch. Features: -Made of high-quality Canematerial, it is durable, simple and safe. -You can use it for Fruits, Vegetables, toys and others to keep your home tidy. -It can be used as a hamper, flowerpot, handbag, or essential home decorations. -It is a good choice for friends as a gift. Note: The light and screen setting difference may slightly differ the item's colour from the pictures. Please allow slight dimension difference due to different manual measurements. | Color: Natural | Hand-crafted from natural cane – tough, durable, and long-lasting,Ideal for storing:

Fruits

Flowers

Snacks

Vegetables

Office stationery

Cosmetics

Toys and more,Available in a variety of styles and sizes,Made from 100% natural materials

No glue

No wax

No chemicals,Ideal for storing:

Fruits

Flowers

Snacks

Vegetables

Office stationery

Cosmetics

Toys and more Available in a variety of styles and sizes Made from 100% natural materials

No glue

No wax

No chemicals Crafted in a pollution-free environment, away from city toxins",,https://www.amazon.in/dp/B0F9TMVYGG?th=1,,,,,1999.0,BASKET,,
MN0042dd,"Round Storage Cane Basket, Set of 2 (Round Storage Cane Basket, Set of 2 (3"" X 2.5""))",,"These Baskets are Hand-Crafted from the Cane and are Tough and Durable. Suitable for Placing Fruits, Flowers, Snacks, Vegetables, Office Stationery, Cosmetics, etc. Available in a Variety of Styles and Sizes to choose from. These Baskets are Made of Natural Materials, No Glue, No Wax, No Chemicals, and are made in an environment away from City Pollution. Choosing these Baskets will make your and Your Family's Life Healthier. The Surface of the Basket is environment Friendly and Non-Toxic, a complete piece of Decorative and Practical artwork. Each piece is carefully processed, layered, fine-textured and other processes to give you a Soft and Simple Touch. Features: -Made of high-quality Canematerial, it is durable, simple and safe. -You can use it for Fruits, Vegetables, toys and others to keep your home tidy. -It can be used as a hamper, flowerpot, handbag, or essential home decorations. -It is a good choice for friends as a gift. Note: The light and screen setting difference may slightly differ the item's colour from the pictures. Please allow slight dimension difference due to different manual measurements. | Color: Natural | Hand-crafted from natural cane – tough, durable, and long-lasting,Ideal for storing:

Fruits

Flowers

Snacks

Vegetables

Office stationery

Cosmetics

Toys and more,Available in a variety of styles and sizes,Made from 100% natural materials

No glue

No wax

No chemicals,Ideal for storing:

Fruits

Flowers

Snacks

Vegetables

Office stationery

Cosmetics

Toys and more Available in a variety of styles and sizes Made from 100% natural materials

No glue

No wax

No chemicals Crafted in a pollution-free environment, away from city toxins",,https://www.amazon.in/dp/B0F9TMVYGG?th=1,,,,,1999.0,BASKET,,
MN0021,"Vanchai Black and Off-White Antique Organic Cotton Throws for Sofa, Couch and Table (Black)",,"Handmade Materials: Handspun Cotton This striped cushion cover has a rustic yet modern feel. Our pillowcases are created from high-quality cotton which has been pre-washed and softened so you can use them in your bedroom as well as in your living room as decorative pillow covers. All our pillowcases and beddings are handmade in India with love, care, and attention to every small detail. 1. Handspun And Handwoven By Indian Artisan 2. This Cushion cover is in the size of 18X18 inches. 3. The fabric used is cotton. 4. There is an envelope style at the back of the cover. 5. Needs to be Hand or machine washed in cold water under 30° temperature. 6. The position of stripes depends on size. Care Instruction Machine Wash In Cold Water (<30°C). Do Not Bleach | Color: Black | Eco Friendly | Sustainable | Handcrafted | Made in India,Colour Base – Off white,Extra weft – Mustard, Maroon, Black and Blue,Base fabric (front and back) – Organic Cotton.,Colour Base – Off white Extra weft – Mustard, Maroon, Black and Blue Base fabric (front and back) – Organic Cotton. Embellishment – Cotton piping on edges with Kantha Hand Embroidery with beautiful tassels.",,,,,https://www.vanchai.in/product-page/black-and-off-white-antique-organic-cotton-throw-l-120cm-x-w-160cm,,6199.0,BLANKET,,
MN0022,"Vanchai Black and Off-White Antique Organic Cotton Throws for Sofa, Couch and Table (Red)",,"Handmade Materials: Handspun Cotton This striped cushion cover has a rustic yet modern feel. Our pillowcases are created from high-quality cotton which has been pre-washed and softened so you can use them in your bedroom as well as in your living room as decorative pillow covers. All our pillowcases and beddings are handmade in India with love, care, and attention to every small detail. 1. Handspun And Handwoven By Indian Artisan 2. This Cushion cover is in the size of 18X18 inches. 3. The fabric used is cotton. 4. There is an envelope style at the back of the cover. 5. Needs to be Hand or machine washed in cold water under 30° temperature. 6. The position of stripes depends on size. Care Instruction Machine Wash In Cold Water (<30°C). Do Not Bleach | Color: Red | Eco Friendly | Sustainable | Handcrafted | Made in India,Colour Base – Off white,Extra weft – Mustard, Maroon, Black and Blue,Base fabric (front and back) – Organic Cotton.,Colour Base – Off white Extra weft – Mustard, Maroon, Black and Blue Base fabric (front and back) – Organic Cotton. Embellishment – Cotton piping on edges with Kantha Hand Embroidery with beautiful tassels.",,https://www.amazon.in/dp/B0D3HSZ86R,,,,,6199.0,BLANKET,,
MN0047,Vanchai Stone Tea Candle Holder (Red),,"Each of our tea light candleholders is undoubtedly one of a kind. Perfect sculptural accents to indoor and outdoor décor, these pieces are true works of art—a beautifully sophisticated combination of such primitive elements. Add to your arrangement of rocks, crystals, bonsai trees & raked sand. Welcoming, warm, inviting, and cosy, the glow given off by candlelight inspires reflection, calmness, and spiritual renewal. Reflect on life and love as you take in the glowing beauty delivered by tealights displayed in our handmade pebble candle holders. Carved with love our small stone pebble candle holder is a beautiful representation of highly skilled craftsmanship. Ideal for modern homes with aesthetic surroundings inspired by ancient Japan but universally appreciated by men & women alike. A thoughtful gift for birthdays, holidays, achievements, etc. Dimensions (Cms): 3""x3"" Approximately Material: Red Stone Handcrafted in India Care Guide: Wipe clean with a soft, white, damp cloth. Avoid abrasives and wipe dry immediately to avoid watermarks. dishwasher safe. | Color: Red | Each of our tea light candleholders is undoubtedly one of a kind.,Perfect sculptural accents to indoor and outdoor décor, these pieces are true works of art—a beautifully sophisticated combination of such primitive elements.,,,Perfect sculptural accents to indoor and outdoor décor, these pieces are true works of art—a beautifully sophisticated combination of such primitive elements.",,https://www.amazon.in/dp/B0D2WJ5F23,,,,,899.0,CANDLE_HOLDER,,
MN0048,Vanchai Stone Tea Candle Holder (Grey),,"Each of our tea light candleholders is undoubtedly one of a kind. Perfect sculptural accents to indoor and outdoor décor, these pieces are true works of art—a beautifully sophisticated combination of such primitive elements. Add to your arrangement of rocks, crystals, bonsai trees & raked sand. Welcoming, warm, inviting, and cosy, the glow given off by candlelight inspires reflection, calmness, and spiritual renewal. Reflect on life and love as you take in the glowing beauty delivered by tealights displayed in our handmade pebble candle holders. Carved with love our small stone pebble candle holder is a beautiful representation of highly skilled craftsmanship. Ideal for modern homes with aesthetic surroundings inspired by ancient Japan but universally appreciated by men & women alike. A thoughtful gift for birthdays, holidays, achievements, etc. Dimensions (Cms): 3""x3"" Approximately Material: Red Stone Handcrafted in India Care Guide: Wipe clean with a soft, white, damp cloth. Avoid abrasives and wipe dry immediately to avoid watermarks. dishwasher safe. | Color: Grey | Each of our tea light candleholders is undoubtedly one of a kind.,Perfect sculptural accents to indoor and outdoor décor, these pieces are true works of art—a beautifully sophisticated combination of such primitive elements.,Add to your arrangement of rocks, crystals, bonsai trees & raked sand. Welcoming, warm, inviting, and cosy, the glow given off by candlelight inspires reflection, calmness, and spiritual renewal.,Reflect on life and love as you take in the glowing beauty delivered by tealights displayed in our handmade pebble candle holders.,Perfect sculptural accents to indoor and outdoor décor, these pieces are true works of art—a beautifully sophisticated combination of such primitive elements. Add to your arrangement of rocks, crystals, bonsai trees & raked sand. Welcoming, warm, inviting, and cosy, the glow given off by candlelight inspires reflection, calmness, and spiritual renewal. Reflect on life and love as you take in the glowing beauty delivered by tealights displayed in our handmade pebble candle holders. Carved with love our small stone pebble candle holder is a beautiful representation of highly skilled craftsmanship.",,https://www.amazon.in/dp/B0D2WK4JDX?th=1,,,,,899.0,CANDLE_HOLDER,,
MN0061a,"Wrought Iron Wall/Table Candle Holder | Upcycled Iron (Swamp Deer Candle Holder (6"" x 4.5"" x 1.5""))",,"Wrought Iron of Kondagaon is a traditional tribal craft practiced by the Lohar community in the Kondagaon district of Bastar, Chhattisgarh, India. It is renowned for its primitive metalwork, often made without the use of modern machinery, and has earned Geographical Indication (GI) tag status due to its cultural significance and unique craftsmanship.

🔨 Origin and Cultural Significance
Rooted in tribal culture, this craft has been practiced for centuries by the Gond and Maria tribes.

Initially, wrought iron was used for making tools and weapons, but with time, artisans started creating decorative and ritualistic items.

It is deeply intertwined with local beliefs and folklore, often representing nature, tribal deities, animals, and daily life.

🛠️ Crafting Process
Wrought iron objects in Kondagaon are handcrafted using recycled iron scraps—like old vehicle parts or farming tools. The process is entirely manual and follows a multi-step technique:

Raw Material Collection:

Iron scrap (often from old vehicles, tools, etc.) is gathered and sorted.

Heating & Forging:

Iron is heated in a traditional furnace (bhatti) made from mud and cow dung.

It is hammered and shaped manually on an anvil using tools like chisels and tongs.

There is no mold—the design is shaped by instinct and skill.

Joining Pieces:

Parts are welded using rivets or forge-welding (heating two parts and hammering them together).

Artisans avoid electric welding to maintain the authenticity of the craft.

Finishing:

Finished products are polished with a black oxide coating (usually made with tamarind seed paste or oil) to prevent rust and give a matte black finish.

Sometimes burnishing or brushing is done for a rustic sheen.

🖼️ Design & Motifs
Typical motifs include:

Human figures in dance (e.g., tribal folk dance)

Musicians, animals (horses, deer, birds)

Tree of Life and tribal scenes

Decorative candle stands, lamps, wall hangings, door handles, masks, etc.

The design style is minimalistic, earthy, and raw, often with elongated limbs and abstract features.

🌿 Materials Used
Scrap iron/steel

Mud and cow dung (for furnace)

Tamarind seed paste or linseed oil (for finishing)

Hand tools: hammer, chisel, tongs, anvil | Color: Swamp Deer Candle Holder (6"" x 4.5"" x 1.5"") | Authentic Tribal Handcraft – Hand-forged by the skilled artisans of Kondagaon, Chhattisgarh, using traditional techniques passed down through generations of tribal blacksmiths.,Eco-Friendly Material – Made from recycled iron and finished with natural black polish (like tamarind paste or linseed oil) for a sustainable, rustic look.,Unique Design Aesthetic – Features raw, abstract tribal motifs inspired by nature, folklore, and village life—no two pieces are exactly the same.,Durable & Timeless – Sturdy wrought iron construction with a matte black finish ensures longevity and makes it suitable for both indoor and outdoor decor.,Eco-Friendly Material – Made from recycled iron and finished with natural black polish (like tamarind paste or linseed oil) for a sustainable, rustic look. Unique Design Aesthetic – Features raw, abstract tribal motifs inspired by nature, folklore, and village life—no two pieces are exactly the same. Durable & Timeless – Sturdy wrought iron construction with a matte black finish ensures longevity and makes it suitable for both indoor and outdoor decor. GI-Tagged Craft – Recognized with a Geographical Indication tag, preserving its cultural heritage and ensuring authenticity of this Bastar tribal art.",,https://www.amazon.in/dp/B0F96PRLSB,,,,,999.0,CANDLE_HOLDER,,
MN0062a,"Wrought Iron Wall/Table Candle Holder | Upcycled Iron (Deer Table Candle Holder (6"" x 4.5"" x 1.5""))",,"Wrought Iron of Kondagaon is a traditional tribal craft practiced by the Lohar community in the Kondagaon district of Bastar, Chhattisgarh, India. It is renowned for its primitive metalwork, often made without the use of modern machinery, and has earned Geographical Indication (GI) tag status due to its cultural significance and unique craftsmanship.

🔨 Origin and Cultural Significance
Rooted in tribal culture, this craft has been practiced for centuries by the Gond and Maria tribes.

Initially, wrought iron was used for making tools and weapons, but with time, artisans started creating decorative and ritualistic items.

It is deeply intertwined with local beliefs and folklore, often representing nature, tribal deities, animals, and daily life.

🛠️ Crafting Process
Wrought iron objects in Kondagaon are handcrafted using recycled iron scraps—like old vehicle parts or farming tools. The process is entirely manual and follows a multi-step technique:

Raw Material Collection:

Iron scrap (often from old vehicles, tools, etc.) is gathered and sorted.

Heating & Forging:

Iron is heated in a traditional furnace (bhatti) made from mud and cow dung.

It is hammered and shaped manually on an anvil using tools like chisels and tongs.

There is no mold—the design is shaped by instinct and skill.

Joining Pieces:

Parts are welded using rivets or forge-welding (heating two parts and hammering them together).

Artisans avoid electric welding to maintain the authenticity of the craft.

Finishing:

Finished products are polished with a black oxide coating (usually made with tamarind seed paste or oil) to prevent rust and give a matte black finish.

Sometimes burnishing or brushing is done for a rustic sheen.

🖼️ Design & Motifs
Typical motifs include:

Human figures in dance (e.g., tribal folk dance)

Musicians, animals (horses, deer, birds)

Tree of Life and tribal scenes

Decorative candle stands, lamps, wall hangings, door handles, masks, etc.

The design style is minimalistic, earthy, and raw, often with elongated limbs and abstract features.

🌿 Materials Used
Scrap iron/steel

Mud and cow dung (for furnace)

Tamarind seed paste or linseed oil (for finishing)

Hand tools: hammer, chisel, tongs, anvil | Color: Deer Table Candle Holder (6"" x 4.5"" x 1.5"") | Authentic Tribal Handcraft – Hand-forged by the skilled artisans of Kondagaon, Chhattisgarh, using traditional techniques passed down through generations of tribal blacksmiths.,Eco-Friendly Material – Made from recycled iron and finished with natural black polish (like tamarind paste or linseed oil) for a sustainable, rustic look.,Unique Design Aesthetic – Features raw, abstract tribal motifs inspired by nature, folklore, and village life—no two pieces are exactly the same.,Durable & Timeless – Sturdy wrought iron construction with a matte black finish ensures longevity and makes it suitable for both indoor and outdoor decor.,Eco-Friendly Material – Made from recycled iron and finished with natural black polish (like tamarind paste or linseed oil) for a sustainable, rustic look. Unique Design Aesthetic – Features raw, abstract tribal motifs inspired by nature, folklore, and village life—no two pieces are exactly the same. Durable & Timeless – Sturdy wrought iron construction with a matte black finish ensures longevity and makes it suitable for both indoor and outdoor decor. GI-Tagged Craft – Recognized with a Geographical Indication tag, preserving its cultural heritage and ensuring authenticity of this Bastar tribal art.",,https://www.amazon.in/dp/B0F96CZ59F,,,,,999.0,CANDLE_HOLDER,,
MN0066a,Wrought Iron Wall/Table Candle Holder | Upcycled Iron (Tribal Candle Wall Decor),,"Wrought Iron of Kondagaon is a traditional tribal craft practiced by the Lohar community in the Kondagaon district of Bastar, Chhattisgarh, India. It is renowned for its primitive metalwork, often made without the use of modern machinery, and has earned Geographical Indication (GI) tag status due to its cultural significance and unique craftsmanship.

🔨 Origin and Cultural Significance
Rooted in tribal culture, this craft has been practiced for centuries by the Gond and Maria tribes.

Initially, wrought iron was used for making tools and weapons, but with time, artisans started creating decorative and ritualistic items.

It is deeply intertwined with local beliefs and folklore, often representing nature, tribal deities, animals, and daily life.

🛠️ Crafting Process
Wrought iron objects in Kondagaon are handcrafted using recycled iron scraps—like old vehicle parts or farming tools. The process is entirely manual and follows a multi-step technique:

Raw Material Collection:

Iron scrap (often from old vehicles, tools, etc.) is gathered and sorted.

Heating & Forging:

Iron is heated in a traditional furnace (bhatti) made from mud and cow dung.

It is hammered and shaped manually on an anvil using tools like chisels and tongs.

There is no mold—the design is shaped by instinct and skill.

Joining Pieces:

Parts are welded using rivets or forge-welding (heating two parts and hammering them together).

Artisans avoid electric welding to maintain the authenticity of the craft.

Finishing:

Finished products are polished with a black oxide coating (usually made with tamarind seed paste or oil) to prevent rust and give a matte black finish.

Sometimes burnishing or brushing is done for a rustic sheen.

🖼️ Design & Motifs
Typical motifs include:

Human figures in dance (e.g., tribal folk dance)

Musicians, animals (horses, deer, birds)

Tree of Life and tribal scenes

Decorative candle stands, lamps, wall hangings, door handles, masks, etc.

The design style is minimalistic, earthy, and raw, often with elongated limbs and abstract features.

🌿 Materials Used
Scrap iron/steel

Mud and cow dung (for furnace)

Tamarind seed paste or linseed oil (for finishing)

Hand tools: hammer, chisel, tongs, anvil | Color: Tribal Candle Wall Decor | Authentic Tribal Handcraft – Hand-forged by the skilled artisans of Kondagaon, Chhattisgarh, using traditional techniques passed down through generations of tribal blacksmiths.,Eco-Friendly Material – Made from recycled iron and finished with natural black polish (like tamarind paste or linseed oil) for a sustainable, rustic look.,Unique Design Aesthetic – Features raw, abstract tribal motifs inspired by nature, folklore, and village life—no two pieces are exactly the same.,Durable & Timeless – Sturdy wrought iron construction with a matte black finish ensures longevity and makes it suitable for both indoor and outdoor decor.,Eco-Friendly Material – Made from recycled iron and finished with natural black polish (like tamarind paste or linseed oil) for a sustainable, rustic look. Unique Design Aesthetic – Features raw, abstract tribal motifs inspired by nature, folklore, and village life—no two pieces are exactly the same. Durable & Timeless – Sturdy wrought iron construction with a matte black finish ensures longevity and makes it suitable for both indoor and outdoor decor. GI-Tagged Craft – Recognized with a Geographical Indication tag, preserving its cultural heritage and ensuring authenticity of this Bastar tribal art.",,https://www.amazon.in/dp/B0F96NLMY1,,,,,3999.0,CANDLE_HOLDER,,
MN0070aa,"Wrought Iron Wall/Table Candle Holder | Upcycled Iron (Candle Holder Wall Decor (10"" x 13"" x 3""))",,"Wrought Iron of Kondagaon is a traditional tribal craft practiced by the Lohar community in the Kondagaon district of Bastar, Chhattisgarh, India. It is renowned for its primitive metalwork, often made without the use of modern machinery, and has earned Geographical Indication (GI) tag status due to its cultural significance and unique craftsmanship.

🔨 Origin and Cultural Significance
Rooted in tribal culture, this craft has been practiced for centuries by the Gond and Maria tribes.

Initially, wrought iron was used for making tools and weapons, but with time, artisans started creating decorative and ritualistic items.

It is deeply intertwined with local beliefs and folklore, often representing nature, tribal deities, animals, and daily life.

🛠️ Crafting Process
Wrought iron objects in Kondagaon are handcrafted using recycled iron scraps—like old vehicle parts or farming tools. The process is entirely manual and follows a multi-step technique:

Raw Material Collection:

Iron scrap (often from old vehicles, tools, etc.) is gathered and sorted.

Heating & Forging:

Iron is heated in a traditional furnace (bhatti) made from mud and cow dung.

It is hammered and shaped manually on an anvil using tools like chisels and tongs.

There is no mold—the design is shaped by instinct and skill.

Joining Pieces:

Parts are welded using rivets or forge-welding (heating two parts and hammering them together).

Artisans avoid electric welding to maintain the authenticity of the craft.

Finishing:

Finished products are polished with a black oxide coating (usually made with tamarind seed paste or oil) to prevent rust and give a matte black finish.

Sometimes burnishing or brushing is done for a rustic sheen.

🖼️ Design & Motifs
Typical motifs include:

Human figures in dance (e.g., tribal folk dance)

Musicians, animals (horses, deer, birds)

Tree of Life and tribal scenes

Decorative candle stands, lamps, wall hangings, door handles, masks, etc.

The design style is minimalistic, earthy, and raw, often with elongated limbs and abstract features.

🌿 Materials Used
Scrap iron/steel

Mud and cow dung (for furnace)

Tamarind seed paste or linseed oil (for finishing)

Hand tools: hammer, chisel, tongs, anvil | Color: Candle Holder Wall Decor (10"" x 13"" x 3"") | Authentic Tribal Handcraft – Hand-forged by the skilled artisans of Kondagaon, Chhattisgarh, using traditional techniques passed down through generations of tribal blacksmiths.,Eco-Friendly Material – Made from recycled iron and finished with natural black polish (like tamarind paste or linseed oil) for a sustainable, rustic look.,Unique Design Aesthetic – Features raw, abstract tribal motifs inspired by nature, folklore, and village life—no two pieces are exactly the same.,Durable & Timeless – Sturdy wrought iron construction with a matte black finish ensures longevity and makes it suitable for both indoor and outdoor decor.,Eco-Friendly Material – Made from recycled iron and finished with natural black polish (like tamarind paste or linseed oil) for a sustainable, rustic look. Unique Design Aesthetic – Features raw, abstract tribal motifs inspired by nature, folklore, and village life—no two pieces are exactly the same. Durable & Timeless – Sturdy wrought iron construction with a matte black finish ensures longevity and makes it suitable for both indoor and outdoor decor. GI-Tagged Craft – Recognized with a Geographical Indication tag, preserving its cultural heritage and ensuring authenticity of this Bastar tribal art.",,https://www.amazon.in/dp/B0FD8T1YPC?th=1,,,,,12999.0,CANDLE_HOLDER,,
MN0070aaa,"Wrought Iron Wall/Table Candle Holder | Upcycled Iron (Wrought Iron Long Candle Holder Wall Decor, 4 Sets | Upcycled iron)",,"Wrought Iron of Kondagaon is a traditional tribal craft practiced by the Lohar community in the Kondagaon district of Bastar, Chhattisgarh, India. It is renowned for its primitive metalwork, often made without the use of modern machinery, and has earned Geographical Indication (GI) tag status due to its cultural significance and unique craftsmanship.

🔨 Origin and Cultural Significance
Rooted in tribal culture, this craft has been practiced for centuries by the Gond and Maria tribes.

Initially, wrought iron was used for making tools and weapons, but with time, artisans started creating decorative and ritualistic items.

It is deeply intertwined with local beliefs and folklore, often representing nature, tribal deities, animals, and daily life.

🛠️ Crafting Process
Wrought iron objects in Kondagaon are handcrafted using recycled iron scraps—like old vehicle parts or farming tools. The process is entirely manual and follows a multi-step technique:

Raw Material Collection:

Iron scrap (often from old vehicles, tools, etc.) is gathered and sorted.

Heating & Forging:

Iron is heated in a traditional furnace (bhatti) made from mud and cow dung.

It is hammered and shaped manually on an anvil using tools like chisels and tongs.

There is no mold—the design is shaped by instinct and skill.

Joining Pieces:

Parts are welded using rivets or forge-welding (heating two parts and hammering them together).

Artisans avoid electric welding to maintain the authenticity of the craft.

Finishing:

Finished products are polished with a black oxide coating (usually made with tamarind seed paste or oil) to prevent rust and give a matte black finish.

Sometimes burnishing or brushing is done for a rustic sheen.

🖼️ Design & Motifs
Typical motifs include:

Human figures in dance (e.g., tribal folk dance)

Musicians, animals (horses, deer, birds)

Tree of Life and tribal scenes

Decorative candle stands, lamps, wall hangings, door handles, masks, etc.

The design style is minimalistic, earthy, and raw, often with elongated limbs and abstract features.

🌿 Materials Used
Scrap iron/steel

Mud and cow dung (for furnace)

Tamarind seed paste or linseed oil (for finishing)

Hand tools: hammer, chisel, tongs, anvil | Color: Wrought Iron Long Candle Holder Wall Decor, 4 Sets | Upcycled iron | Authentic Tribal Handcraft – Hand-forged by the skilled artisans of Kondagaon, Chhattisgarh, using traditional techniques passed down through generations of tribal blacksmiths.,Eco-Friendly Material – Made from recycled iron and finished with natural black polish (like tamarind paste or linseed oil) for a sustainable, rustic look.,Unique Design Aesthetic – Features raw, abstract tribal motifs inspired by nature, folklore, and village life—no two pieces are exactly the same.,Durable & Timeless – Sturdy wrought iron construction with a matte black finish ensures longevity and makes it suitable for both indoor and outdoor decor.,Eco-Friendly Material – Made from recycled iron and finished with natural black polish (like tamarind paste or linseed oil) for a sustainable, rustic look. Unique Design Aesthetic – Features raw, abstract tribal motifs inspired by nature, folklore, and village life—no two pieces are exactly the same. Durable & Timeless – Sturdy wrought iron construction with a matte black finish ensures longevity and makes it suitable for both indoor and outdoor decor. GI-Tagged Craft – Recognized with a Geographical Indication tag, preserving its cultural heritage and ensuring authenticity of this Bastar tribal art.",,https://www.amazon.in/dp/B0FD8T1YPC?th=1,,,,,3999.0,CANDLE_HOLDER,,
MN0071a,"Wrought Iron Wall/Table Candle Holder | Upcycled Iron (Round Wall Candle Holder, 4 Set (36"" x 2.5"" x 6""))",,"Wrought Iron of Kondagaon is a traditional tribal craft practiced by the Lohar community in the Kondagaon district of Bastar, Chhattisgarh, India. It is renowned for its primitive metalwork, often made without the use of modern machinery, and has earned Geographical Indication (GI) tag status due to its cultural significance and unique craftsmanship.

🔨 Origin and Cultural Significance
Rooted in tribal culture, this craft has been practiced for centuries by the Gond and Maria tribes.

Initially, wrought iron was used for making tools and weapons, but with time, artisans started creating decorative and ritualistic items.

It is deeply intertwined with local beliefs and folklore, often representing nature, tribal deities, animals, and daily life.

🛠️ Crafting Process
Wrought iron objects in Kondagaon are handcrafted using recycled iron scraps—like old vehicle parts or farming tools. The process is entirely manual and follows a multi-step technique:

Raw Material Collection:

Iron scrap (often from old vehicles, tools, etc.) is gathered and sorted.

Heating & Forging:

Iron is heated in a traditional furnace (bhatti) made from mud and cow dung.

It is hammered and shaped manually on an anvil using tools like chisels and tongs.

There is no mold—the design is shaped by instinct and skill.

Joining Pieces:

Parts are welded using rivets or forge-welding (heating two parts and hammering them together).

Artisans avoid electric welding to maintain the authenticity of the craft.

Finishing:

Finished products are polished with a black oxide coating (usually made with tamarind seed paste or oil) to prevent rust and give a matte black finish.

Sometimes burnishing or brushing is done for a rustic sheen.

🖼️ Design & Motifs
Typical motifs include:

Human figures in dance (e.g., tribal folk dance)

Musicians, animals (horses, deer, birds)

Tree of Life and tribal scenes

Decorative candle stands, lamps, wall hangings, door handles, masks, etc.

The design style is minimalistic, earthy, and raw, often with elongated limbs and abstract features.

🌿 Materials Used
Scrap iron/steel

Mud and cow dung (for furnace)

Tamarind seed paste or linseed oil (for finishing)

Hand tools: hammer, chisel, tongs, anvil | Color: Round Wall Candle Holder, 4 Set (36"" x 2.5"" x 6"") | Authentic Tribal Handcraft – Hand-forged by the skilled artisans of Kondagaon, Chhattisgarh, using traditional techniques passed down through generations of tribal blacksmiths.,Eco-Friendly Material – Made from recycled iron and finished with natural black polish (like tamarind paste or linseed oil) for a sustainable, rustic look.,Unique Design Aesthetic – Features raw, abstract tribal motifs inspired by nature, folklore, and village life—no two pieces are exactly the same.,Durable & Timeless – Sturdy wrought iron construction with a matte black finish ensures longevity and makes it suitable for both indoor and outdoor decor.,Eco-Friendly Material – Made from recycled iron and finished with natural black polish (like tamarind paste or linseed oil) for a sustainable, rustic look. Unique Design Aesthetic – Features raw, abstract tribal motifs inspired by nature, folklore, and village life—no two pieces are exactly the same. Durable & Timeless – Sturdy wrought iron construction with a matte black finish ensures longevity and makes it suitable for both indoor and outdoor decor. GI-Tagged Craft – Recognized with a Geographical Indication tag, preserving its cultural heritage and ensuring authenticity of this Bastar tribal art.",,https://www.amazon.in/dp/B0F96Q9FDJ?th=1,,,,,3999.0,CANDLE_HOLDER,,
MN0075a,"Wrought Iron Wall/Table Candle Holder | Upcycled Iron (Tribal Candle Holder (14.5"" X 8.5"" X 2.5""))",,"Wrought iron craft is traditional, in which the iron is heated and beaten to the desired thickness and shape. The Lohar community of the Bastar, Chhattisgarh mainly practices this craft.

Crafted extensively in the Nagarnar, Jondarpadar, and Kondagaon villages of Chhattisgarh, the blacksmiths skilfully forge the items using rudimentary tools.

Magnificent tribal wrought iron wall art. This is a completely hand made product by the tribal artisans of the state of Chhattisgarh. This art also has a GI tag by the name ‘Bastar Iron Craft’. | Color: Tribal Candle Holder (14.5"" X 8.5"" X 2.5"") | Great for gifting during weddings, anniversaries, house warming ceremonies.,Nagarnar, Jondarpadar, Kondagaon and Bastar Craft.,This art also has a GI tag by the name ‘Bastar Iron Craft’.,Hand made product by the tribal artisans.,Nagarnar, Jondarpadar, Kondagaon and Bastar Craft. This art also has a GI tag by the name ‘Bastar Iron Craft’. Hand made product by the tribal artisans. Perfect for office and house hold décor they make an amazing personalized gift.",,https://www.amazon.in/dp/B0F965QJY5?th=1,,,,,4999.0,CANDLE_HOLDER,,
MN0078a,"Wrought Iron Wall/Table Candle Holder | Upcycled Iron (Tribal Candle Holder, 4 Sets (49"" X 10"" X 2.5""))",,"Wrought Iron of Kondagaon is a traditional tribal craft practiced by the Lohar community in the Kondagaon district of Bastar, Chhattisgarh, India. It is renowned for its primitive metalwork, often made without the use of modern machinery, and has earned Geographical Indication (GI) tag status due to its cultural significance and unique craftsmanship.

🔨 Origin and Cultural Significance
Rooted in tribal culture, this craft has been practiced for centuries by the Gond and Maria tribes.

Initially, wrought iron was used for making tools and weapons, but with time, artisans started creating decorative and ritualistic items.

It is deeply intertwined with local beliefs and folklore, often representing nature, tribal deities, animals, and daily life.

🛠️ Crafting Process
Wrought iron objects in Kondagaon are handcrafted using recycled iron scraps—like old vehicle parts or farming tools. The process is entirely manual and follows a multi-step technique:

Raw Material Collection:

Iron scrap (often from old vehicles, tools, etc.) is gathered and sorted.

Heating & Forging:

Iron is heated in a traditional furnace (bhatti) made from mud and cow dung.

It is hammered and shaped manually on an anvil using tools like chisels and tongs.

There is no mold—the design is shaped by instinct and skill.

Joining Pieces:

Parts are welded using rivets or forge-welding (heating two parts and hammering them together).

Artisans avoid electric welding to maintain the authenticity of the craft.

Finishing:

Finished products are polished with a black oxide coating (usually made with tamarind seed paste or oil) to prevent rust and give a matte black finish.

Sometimes burnishing or brushing is done for a rustic sheen.

🖼️ Design & Motifs
Typical motifs include:

Human figures in dance (e.g., tribal folk dance)

Musicians, animals (horses, deer, birds)

Tree of Life and tribal scenes

Decorative candle stands, lamps, wall hangings, door handles, masks, etc.

The design style is minimalistic, earthy, and raw, often with elongated limbs and abstract features.

🌿 Materials Used
Scrap iron/steel

Mud and cow dung (for furnace)

Tamarind seed paste or linseed oil (for finishing)

Hand tools: hammer, chisel, tongs, anvil | Color: Tribal Candle Holder, 4 Sets (49"" X 10"" X 2.5"") | Authentic Tribal Handcraft – Hand-forged by the skilled artisans of Kondagaon, Chhattisgarh, using traditional techniques passed down through generations of tribal blacksmiths.,Eco-Friendly Material – Made from recycled iron and finished with natural black polish (like tamarind paste or linseed oil) for a sustainable, rustic look.,Unique Design Aesthetic – Features raw, abstract tribal motifs inspired by nature, folklore, and village life—no two pieces are exactly the same.,Durable & Timeless – Sturdy wrought iron construction with a matte black finish ensures longevity and makes it suitable for both indoor and outdoor decor.,Eco-Friendly Material – Made from recycled iron and finished with natural black polish (like tamarind paste or linseed oil) for a sustainable, rustic look. Unique Design Aesthetic – Features raw, abstract tribal motifs inspired by nature, folklore, and village life—no two pieces are exactly the same. Durable & Timeless – Sturdy wrought iron construction with a matte black finish ensures longevity and makes it suitable for both indoor and outdoor decor. GI-Tagged Craft – Recognized with a Geographical Indication tag, preserving its cultural heritage and ensuring authenticity of this Bastar tribal art.",,https://www.amazon.in/dp/B0F96BF86D,,,,,3999.0,CANDLE_HOLDER,,
MN0078aa,"Wrought Iron Wall/Table Candle Holder | Upcycled Iron (Two Swan Wall Candle Holder (10"" X 12.5"" X 2.7""))",,"Wrought Iron of Kondagaon is a traditional tribal craft practiced by the Lohar community in the Kondagaon district of Bastar, Chhattisgarh, India. It is renowned for its primitive metalwork, often made without the use of modern machinery, and has earned Geographical Indication (GI) tag status due to its cultural significance and unique craftsmanship.

🔨 Origin and Cultural Significance
Rooted in tribal culture, this craft has been practiced for centuries by the Gond and Maria tribes.

Initially, wrought iron was used for making tools and weapons, but with time, artisans started creating decorative and ritualistic items.

It is deeply intertwined with local beliefs and folklore, often representing nature, tribal deities, animals, and daily life.

🛠️ Crafting Process
Wrought iron objects in Kondagaon are handcrafted using recycled iron scraps—like old vehicle parts or farming tools. The process is entirely manual and follows a multi-step technique:

Raw Material Collection:

Iron scrap (often from old vehicles, tools, etc.) is gathered and sorted.

Heating & Forging:

Iron is heated in a traditional furnace (bhatti) made from mud and cow dung.

It is hammered and shaped manually on an anvil using tools like chisels and tongs.

There is no mold—the design is shaped by instinct and skill.

Joining Pieces:

Parts are welded using rivets or forge-welding (heating two parts and hammering them together).

Artisans avoid electric welding to maintain the authenticity of the craft.

Finishing:

Finished products are polished with a black oxide coating (usually made with tamarind seed paste or oil) to prevent rust and give a matte black finish.

Sometimes burnishing or brushing is done for a rustic sheen.

🖼️ Design & Motifs
Typical motifs include:

Human figures in dance (e.g., tribal folk dance)

Musicians, animals (horses, deer, birds)

Tree of Life and tribal scenes

Decorative candle stands, lamps, wall hangings, door handles, masks, etc.

The design style is minimalistic, earthy, and raw, often with elongated limbs and abstract features.

🌿 Materials Used
Scrap iron/steel

Mud and cow dung (for furnace)

Tamarind seed paste or linseed oil (for finishing)

Hand tools: hammer, chisel, tongs, anvil | Color: Two Swan Wall Candle Holder (10"" X 12.5"" X 2.7"") | Authentic Tribal Handcraft – Hand-forged by the skilled artisans of Kondagaon, Chhattisgarh, using traditional techniques passed down through generations of tribal blacksmiths.,Eco-Friendly Material – Made from recycled iron and finished with natural black polish (like tamarind paste or linseed oil) for a sustainable, rustic look.,Unique Design Aesthetic – Features raw, abstract tribal motifs inspired by nature, folklore, and village life—no two pieces are exactly the same.,Durable & Timeless – Sturdy wrought iron construction with a matte black finish ensures longevity and makes it suitable for both indoor and outdoor decor.,Eco-Friendly Material – Made from recycled iron and finished with natural black polish (like tamarind paste or linseed oil) for a sustainable, rustic look. Unique Design Aesthetic – Features raw, abstract tribal motifs inspired by nature, folklore, and village life—no two pieces are exactly the same. Durable & Timeless – Sturdy wrought iron construction with a matte black finish ensures longevity and makes it suitable for both indoor and outdoor decor. GI-Tagged Craft – Recognized with a Geographical Indication tag, preserving its cultural heritage and ensuring authenticity of this Bastar tribal art.",,https://www.amazon.in/dp/B0F96LV3JD?th=1,,,,,1299.0,CANDLE_HOLDER,,
MN0079a,"Wrought Iron Wall/Table Candle Holder | Upcycled Iron (Deer Arc Wall Candle Holder (18"" X 17"" X 3""))",,"Wrought Iron of Kondagaon is a traditional tribal craft practiced by the Lohar community in the Kondagaon district of Bastar, Chhattisgarh, India. It is renowned for its primitive metalwork, often made without the use of modern machinery, and has earned Geographical Indication (GI) tag status due to its cultural significance and unique craftsmanship.

🔨 Origin and Cultural Significance
Rooted in tribal culture, this craft has been practiced for centuries by the Gond and Maria tribes.

Initially, wrought iron was used for making tools and weapons, but with time, artisans started creating decorative and ritualistic items.

It is deeply intertwined with local beliefs and folklore, often representing nature, tribal deities, animals, and daily life.

🛠️ Crafting Process
Wrought iron objects in Kondagaon are handcrafted using recycled iron scraps—like old vehicle parts or farming tools. The process is entirely manual and follows a multi-step technique:

Raw Material Collection:

Iron scrap (often from old vehicles, tools, etc.) is gathered and sorted.

Heating & Forging:

Iron is heated in a traditional furnace (bhatti) made from mud and cow dung.

It is hammered and shaped manually on an anvil using tools like chisels and tongs.

There is no mold—the design is shaped by instinct and skill.

Joining Pieces:

Parts are welded using rivets or forge-welding (heating two parts and hammering them together).

Artisans avoid electric welding to maintain the authenticity of the craft.

Finishing:

Finished products are polished with a black oxide coating (usually made with tamarind seed paste or oil) to prevent rust and give a matte black finish.

Sometimes burnishing or brushing is done for a rustic sheen.

🖼️ Design & Motifs
Typical motifs include:

Human figures in dance (e.g., tribal folk dance)

Musicians, animals (horses, deer, birds)

Tree of Life and tribal scenes

Decorative candle stands, lamps, wall hangings, door handles, masks, etc.

The design style is minimalistic, earthy, and raw, often with elongated limbs and abstract features.

🌿 Materials Used
Scrap iron/steel

Mud and cow dung (for furnace)

Tamarind seed paste or linseed oil (for finishing)

Hand tools: hammer, chisel, tongs, anvil | Color: Deer Arc Wall Candle Holder (18"" X 17"" X 3"") | Authentic Tribal Handcraft – Hand-forged by the skilled artisans of Kondagaon, Chhattisgarh, using traditional techniques passed down through generations of tribal blacksmiths.,Eco-Friendly Material – Made from recycled iron and finished with natural black polish (like tamarind paste or linseed oil) for a sustainable, rustic look.,Unique Design Aesthetic – Features raw, abstract tribal motifs inspired by nature, folklore, and village life—no two pieces are exactly the same.,Durable & Timeless – Sturdy wrought iron construction with a matte black finish ensures longevity and makes it suitable for both indoor and outdoor decor.,Eco-Friendly Material – Made from recycled iron and finished with natural black polish (like tamarind paste or linseed oil) for a sustainable, rustic look. Unique Design Aesthetic – Features raw, abstract tribal motifs inspired by nature, folklore, and village life—no two pieces are exactly the same. Durable & Timeless – Sturdy wrought iron construction with a matte black finish ensures longevity and makes it suitable for both indoor and outdoor decor. GI-Tagged Craft – Recognized with a Geographical Indication tag, preserving its cultural heritage and ensuring authenticity of this Bastar tribal art.",,https://www.amazon.in/dp/B0F96832R4?th=1,,,,,2199.0,CANDLE_HOLDER,,
MN0080,"Vanchai Wrought Iron Wall/Table Candle Holder | Upcycled Iron (Round Candle Holder Wall (5"" X 6"" X 2""))",,"Wrought Iron of Kondagaon is a traditional tribal craft practiced by the Lohar community in the Kondagaon district of Bastar, Chhattisgarh, India. It is renowned for its primitive metalwork, often made without the use of modern machinery, and has earned Geographical Indication (GI) tag status due to its cultural significance and unique craftsmanship.

🔨 Origin and Cultural Significance
Rooted in tribal culture, this craft has been practiced for centuries by the Gond and Maria tribes.

Initially, wrought iron was used for making tools and weapons, but with time, artisans started creating decorative and ritualistic items.

It is deeply intertwined with local beliefs and folklore, often representing nature, tribal deities, animals, and daily life.

🛠️ Crafting Process
Wrought iron objects in Kondagaon are handcrafted using recycled iron scraps—like old vehicle parts or farming tools. The process is entirely manual and follows a multi-step technique:

Raw Material Collection:

Iron scrap (often from old vehicles, tools, etc.) is gathered and sorted.

Heating & Forging:

Iron is heated in a traditional furnace (bhatti) made from mud and cow dung.

It is hammered and shaped manually on an anvil using tools like chisels and tongs.

There is no mold—the design is shaped by instinct and skill.

Joining Pieces:

Parts are welded using rivets or forge-welding (heating two parts and hammering them together).

Artisans avoid electric welding to maintain the authenticity of the craft.

Finishing:

Finished products are polished with a black oxide coating (usually made with tamarind seed paste or oil) to prevent rust and give a matte black finish.

Sometimes burnishing or brushing is done for a rustic sheen.

🖼️ Design & Motifs
Typical motifs include:

Human figures in dance (e.g., tribal folk dance)

Musicians, animals (horses, deer, birds)

Tree of Life and tribal scenes

Decorative candle stands, lamps, wall hangings, door handles, masks, etc.

The design style is minimalistic, earthy, and raw, often with elongated limbs and abstract features.

🌿 Materials Used
Scrap iron/steel

Mud and cow dung (for furnace)

Tamarind seed paste or linseed oil (for finishing)

Hand tools: hammer, chisel, tongs, anvil | Color: Round Candle Holder Wall (5"" X 6"" X 2"") | Authentic Tribal Handcraft – Hand-forged by the skilled artisans of Kondagaon, Chhattisgarh, using traditional techniques passed down through generations of tribal blacksmiths.,Eco-Friendly Material – Made from recycled iron and finished with natural black polish (like tamarind paste or linseed oil) for a sustainable, rustic look.,Unique Design Aesthetic – Features raw, abstract tribal motifs inspired by nature, folklore, and village life—no two pieces are exactly the same.,Durable & Timeless – Sturdy wrought iron construction with a matte black finish ensures longevity and makes it suitable for both indoor and outdoor decor.,Eco-Friendly Material – Made from recycled iron and finished with natural black polish (like tamarind paste or linseed oil) for a sustainable, rustic look. Unique Design Aesthetic – Features raw, abstract tribal motifs inspired by nature, folklore, and village life—no two pieces are exactly the same. Durable & Timeless – Sturdy wrought iron construction with a matte black finish ensures longevity and makes it suitable for both indoor and outdoor decor. GI-Tagged Craft – Recognized with a Geographical Indication tag, preserving its cultural heritage and ensuring authenticity of this Bastar tribal art.",,https://www.amazon.in/dp/B0F96NKVG7?th=1,,,,,999.0,CANDLE_HOLDER,,
MN0080AAA,Wrought Iron Wall/Table Candle Holder | Upcycled Iron,,"Wrought Iron of Kondagaon is a traditional tribal craft practiced by the Lohar community in the Kondagaon district of Bastar, Chhattisgarh, India. It is renowned for its primitive metalwork, often made without the use of modern machinery, and has earned Geographical Indication (GI) tag status due to its cultural significance and unique craftsmanship.

🔨 Origin and Cultural Significance
Rooted in tribal culture, this craft has been practiced for centuries by the Gond and Maria tribes.

Initially, wrought iron was used for making tools and weapons, but with time, artisans started creating decorative and ritualistic items.

It is deeply intertwined with local beliefs and folklore, often representing nature, tribal deities, animals, and daily life.

🛠️ Crafting Process
Wrought iron objects in Kondagaon are handcrafted using recycled iron scraps—like old vehicle parts or farming tools. The process is entirely manual and follows a multi-step technique:

Raw Material Collection:

Iron scrap (often from old vehicles, tools, etc.) is gathered and sorted.

Heating & Forging:

Iron is heated in a traditional furnace (bhatti) made from mud and cow dung.

It is hammered and shaped manually on an anvil using tools like chisels and tongs.

There is no mold—the design is shaped by instinct and skill.

Joining Pieces:

Parts are welded using rivets or forge-welding (heating two parts and hammering them together).

Artisans avoid electric welding to maintain the authenticity of the craft.

Finishing:

Finished products are polished with a black oxide coating (usually made with tamarind seed paste or oil) to prevent rust and give a matte black finish.

Sometimes burnishing or brushing is done for a rustic sheen.

🖼️ Design & Motifs
Typical motifs include:

Human figures in dance (e.g., tribal folk dance)

Musicians, animals (horses, deer, birds)

Tree of Life and tribal scenes

Decorative candle stands, lamps, wall hangings, door handles, masks, etc.

The design style is minimalistic, earthy, and raw, often with elongated limbs and abstract features.

🌿 Materials Used
Scrap iron/steel

Mud and cow dung (for furnace)

Tamarind seed paste or linseed oil (for finishing)

Hand tools: hammer, chisel, tongs, anvil | Authentic Tribal Handcraft – Hand-forged by the skilled artisans of Kondagaon, Chhattisgarh, using traditional techniques passed down through generations of tribal blacksmiths.,Eco-Friendly Material – Made from recycled iron and finished with natural black polish (like tamarind paste or linseed oil) for a sustainable, rustic look.,Unique Design Aesthetic – Features raw, abstract tribal motifs inspired by nature, folklore, and village life—no two pieces are exactly the same.,Durable & Timeless – Sturdy wrought iron construction with a matte black finish ensures longevity and makes it suitable for both indoor and outdoor decor.,Eco-Friendly Material – Made from recycled iron and finished with natural black polish (like tamarind paste or linseed oil) for a sustainable, rustic look. Unique Design Aesthetic – Features raw, abstract tribal motifs inspired by nature, folklore, and village life—no two pieces are exactly the same. Durable & Timeless – Sturdy wrought iron construction with a matte black finish ensures longevity and makes it suitable for both indoor and outdoor decor. GI-Tagged Craft – Recognized with a Geographical Indication tag, preserving its cultural heritage and ensuring authenticity of this Bastar tribal art.",,https://www.amazon.in/dp/B0F99ZLP4W,,,,,,CANDLE_HOLDER,,
MN0016aa,"Terracotta Handi Set with lid, Light Weight Curd Bowl with Lid for Cooking, Honey Pot, Dahi Handi - Small, Medium, Large Size (Set Of 3)",,"🌿 Discover the Natural Benefits and Sustainable Advantages of Using Unglazed Clay Cookware 🌿 🥦 Health Benefits 🥦 Chemical-Free Cooking: Unglazed clay cookware is free from harmful chemicals and synthetic materials often found in modern non-stick cookware. This ensures that your food remains pure and uncontaminated. Enhanced Nutrient Retention: Cooking with clay pots can help retain the natural nutrients of your food. The slow cooking process allows for gentle heating, preserving vitamins and minerals that are often lost in high-temperature cooking methods. 🌍 Sustainability 🌍 Eco-Friendly Material: Clay is a natural, biodegradable material that has minimal impact on the environment. Unlike metal or plastic cookware, it doesn’t require extensive mining or processing, reducing its carbon footprint. 🍃 Natural Living 🍃 Authentic Taste: Clay cookware can enhance the flavors of your food. The porous nature of unglazed clay allows for slow evaporation of steam, which helps in creating rich, deep flavors and tender textures. Traditional Cooking Methods: Using clay pots connects you with ancient cooking traditions, promoting a slower, more mindful approach to meal preparation. This can transform cooking from a chore into a meditative, enjoyable activity. | Color: Terracotta | Energy Efficiency: Clay pots have excellent heat retention properties, meaning they require less energy to maintain cooking temperatures. This can lead to reduced energy consumption over time.,Clay Curd Pot with Lid for Storage/Clay Handi/MItti Handi, 1000ML, 500Ml, 300ML. This handi comes in Brown Color. Storage in clay vessels has a long history, stretching back to at least the ancient Roman times.,Clay Pots Are Healthy for Your Heart, Maintains the nutritive value, Neutralize the pH level, Cut down oil consumption, Adds more nutrients, Add an earthy flavour & It is very Economical.,Unglazed clay pot and lid must be completely submerged in water for at least 15 minutes prior to assembling your meal. Being porous the pot absorbs moisture during soaking. As the pot is slowly heated, the clay slowly releases steam from its pores which gently cooks the food. This prevents foods from drying out. Natural juices and flavors are retained in the pot, while nutrient content is preserved.,Clay Curd Pot with Lid for Storage/Clay Handi/MItti Handi, 1000ML, 500Ml, 300ML. This handi comes in Brown Color. Storage in clay vessels has a long history, stretching back to at least the ancient Roman times. Clay Pots Are Healthy for Your Heart, Maintains the nutritive value, Neutralize the pH level, Cut down oil consumption, Adds more nutrients, Add an earthy flavour & It is very Economical. Unglazed clay pot and lid must be completely submerged in water for at least 15 minutes prior to assembling your meal. Being porous the pot absorbs moisture during soaking. As the pot is slowly heated, the clay slowly releases steam from its pores which gently cooks the food. This prevents foods from drying out. Natural juices and flavors are retained in the pot, while nutrient content is preserved. After washing, make sure the pot is thoroughly dry before storing it. Store the clay pot with the lid off, allowing air to circulate. Or invert the lid and place a paper towel between the pot and the lid to prevent chipping. Store your earthenware in dry and well-ventilated areas. This eliminates the risk of mold growth inside the pot.",,https://www.amazon.in/dp/B0F9TZ5RYB,,,,,2999.0,COOKING_CONTAINER,,
MN0016al,"Terracotta Handi Set with lid, Light Weight Curd Bowl with Lid for Cooking, Honey Pot, Dahi Handi - Small, Medium, Large Size (Large)",,"🌿 Discover the Natural Benefits and Sustainable Advantages of Using Unglazed Clay Cookware 🌿 🥦 Health Benefits 🥦 Chemical-Free Cooking: Unglazed clay cookware is free from harmful chemicals and synthetic materials often found in modern non-stick cookware. This ensures that your food remains pure and uncontaminated. Enhanced Nutrient Retention: Cooking with clay pots can help retain the natural nutrients of your food. The slow cooking process allows for gentle heating, preserving vitamins and minerals that are often lost in high-temperature cooking methods. 🌍 Sustainability 🌍 Eco-Friendly Material: Clay is a natural, biodegradable material that has minimal impact on the environment. Unlike metal or plastic cookware, it doesn’t require extensive mining or processing, reducing its carbon footprint. 🍃 Natural Living 🍃 Authentic Taste: Clay cookware can enhance the flavors of your food. The porous nature of unglazed clay allows for slow evaporation of steam, which helps in creating rich, deep flavors and tender textures. Traditional Cooking Methods: Using clay pots connects you with ancient cooking traditions, promoting a slower, more mindful approach to meal preparation. This can transform cooking from a chore into a meditative, enjoyable activity. | Color: Terracotta | Energy Efficiency: Clay pots have excellent heat retention properties, meaning they require less energy to maintain cooking temperatures. This can lead to reduced energy consumption over time.,Clay Curd Pot with Lid for Storage/Clay Handi/MItti Handi, 1000ML, 500Ml, 300ML. This handi comes in Brown Color. Storage in clay vessels has a long history, stretching back to at least the ancient Roman times.,Clay Pots Are Healthy for Your Heart, Maintains the nutritive value, Neutralize the pH level, Cut down oil consumption, Adds more nutrients, Add an earthy flavour & It is very Economical.,Unglazed clay pot and lid must be completely submerged in water for at least 15 minutes prior to assembling your meal. Being porous the pot absorbs moisture during soaking. As the pot is slowly heated, the clay slowly releases steam from its pores which gently cooks the food. This prevents foods from drying out. Natural juices and flavors are retained in the pot, while nutrient content is preserved.,Clay Curd Pot with Lid for Storage/Clay Handi/MItti Handi, 1000ML, 500Ml, 300ML. This handi comes in Brown Color. Storage in clay vessels has a long history, stretching back to at least the ancient Roman times. Clay Pots Are Healthy for Your Heart, Maintains the nutritive value, Neutralize the pH level, Cut down oil consumption, Adds more nutrients, Add an earthy flavour & It is very Economical. Unglazed clay pot and lid must be completely submerged in water for at least 15 minutes prior to assembling your meal. Being porous the pot absorbs moisture during soaking. As the pot is slowly heated, the clay slowly releases steam from its pores which gently cooks the food. This prevents foods from drying out. Natural juices and flavors are retained in the pot, while nutrient content is preserved. After washing, make sure the pot is thoroughly dry before storing it. Store the clay pot with the lid off, allowing air to circulate. Or invert the lid and place a paper towel between the pot and the lid to prevent chipping. Store your earthenware in dry and well-ventilated areas. This eliminates the risk of mold growth inside the pot.",,https://www.amazon.in/dp/B0F9TY5XZ5,,,,,2999.0,COOKING_CONTAINER,,
MN0016am,"Terracotta Handi Set with lid, Light Weight Curd Bowl with Lid for Cooking, Honey Pot, Dahi Handi - Small, Medium, Large Size (Medium)",,"🌿 Discover the Natural Benefits and Sustainable Advantages of Using Unglazed Clay Cookware 🌿 🥦 Health Benefits 🥦 Chemical-Free Cooking: Unglazed clay cookware is free from harmful chemicals and synthetic materials often found in modern non-stick cookware. This ensures that your food remains pure and uncontaminated. Enhanced Nutrient Retention: Cooking with clay pots can help retain the natural nutrients of your food. The slow cooking process allows for gentle heating, preserving vitamins and minerals that are often lost in high-temperature cooking methods. 🌍 Sustainability 🌍 Eco-Friendly Material: Clay is a natural, biodegradable material that has minimal impact on the environment. Unlike metal or plastic cookware, it doesn’t require extensive mining or processing, reducing its carbon footprint. 🍃 Natural Living 🍃 Authentic Taste: Clay cookware can enhance the flavors of your food. The porous nature of unglazed clay allows for slow evaporation of steam, which helps in creating rich, deep flavors and tender textures. Traditional Cooking Methods: Using clay pots connects you with ancient cooking traditions, promoting a slower, more mindful approach to meal preparation. This can transform cooking from a chore into a meditative, enjoyable activity. | Color: Terracotta | Energy Efficiency: Clay pots have excellent heat retention properties, meaning they require less energy to maintain cooking temperatures. This can lead to reduced energy consumption over time.,Clay Curd Pot with Lid for Storage/Clay Handi/MItti Handi, 1000ML, 500Ml, 300ML. This handi comes in Brown Color. Storage in clay vessels has a long history, stretching back to at least the ancient Roman times.,Clay Pots Are Healthy for Your Heart, Maintains the nutritive value, Neutralize the pH level, Cut down oil consumption, Adds more nutrients, Add an earthy flavour & It is very Economical.,Unglazed clay pot and lid must be completely submerged in water for at least 15 minutes prior to assembling your meal. Being porous the pot absorbs moisture during soaking. As the pot is slowly heated, the clay slowly releases steam from its pores which gently cooks the food. This prevents foods from drying out. Natural juices and flavors are retained in the pot, while nutrient content is preserved.,Clay Curd Pot with Lid for Storage/Clay Handi/MItti Handi, 1000ML, 500Ml, 300ML. This handi comes in Brown Color. Storage in clay vessels has a long history, stretching back to at least the ancient Roman times. Clay Pots Are Healthy for Your Heart, Maintains the nutritive value, Neutralize the pH level, Cut down oil consumption, Adds more nutrients, Add an earthy flavour & It is very Economical. Unglazed clay pot and lid must be completely submerged in water for at least 15 minutes prior to assembling your meal. Being porous the pot absorbs moisture during soaking. As the pot is slowly heated, the clay slowly releases steam from its pores which gently cooks the food. This prevents foods from drying out. Natural juices and flavors are retained in the pot, while nutrient content is preserved. After washing, make sure the pot is thoroughly dry before storing it. Store the clay pot with the lid off, allowing air to circulate. Or invert the lid and place a paper towel between the pot and the lid to prevent chipping. Store your earthenware in dry and well-ventilated areas. This eliminates the risk of mold growth inside the pot.",,https://www.amazon.in/dp/B0F9TY2T8Y?th=1,,,,,2999.0,COOKING_CONTAINER,,
MN0016as,"Terracotta Handi Set with lid, Light Weight Curd Bowl with Lid for Cooking, Honey Pot, Dahi Handi - Small, Medium, Large Size (Small)",,"🌿 Discover the Natural Benefits and Sustainable Advantages of Using Unglazed Clay Cookware 🌿 🥦 Health Benefits 🥦 Chemical-Free Cooking: Unglazed clay cookware is free from harmful chemicals and synthetic materials often found in modern non-stick cookware. This ensures that your food remains pure and uncontaminated. Enhanced Nutrient Retention: Cooking with clay pots can help retain the natural nutrients of your food. The slow cooking process allows for gentle heating, preserving vitamins and minerals that are often lost in high-temperature cooking methods. 🌍 Sustainability 🌍 Eco-Friendly Material: Clay is a natural, biodegradable material that has minimal impact on the environment. Unlike metal or plastic cookware, it doesn’t require extensive mining or processing, reducing its carbon footprint. 🍃 Natural Living 🍃 Authentic Taste: Clay cookware can enhance the flavors of your food. The porous nature of unglazed clay allows for slow evaporation of steam, which helps in creating rich, deep flavors and tender textures. Traditional Cooking Methods: Using clay pots connects you with ancient cooking traditions, promoting a slower, more mindful approach to meal preparation. This can transform cooking from a chore into a meditative, enjoyable activity. | Color: Terracotta | Energy Efficiency: Clay pots have excellent heat retention properties, meaning they require less energy to maintain cooking temperatures. This can lead to reduced energy consumption over time.,Clay Curd Pot with Lid for Storage/Clay Handi/MItti Handi, 1000ML, 500Ml, 300ML. This handi comes in Brown Color. Storage in clay vessels has a long history, stretching back to at least the ancient Roman times.,Clay Pots Are Healthy for Your Heart, Maintains the nutritive value, Neutralize the pH level, Cut down oil consumption, Adds more nutrients, Add an earthy flavour & It is very Economical.,Unglazed clay pot and lid must be completely submerged in water for at least 15 minutes prior to assembling your meal. Being porous the pot absorbs moisture during soaking. As the pot is slowly heated, the clay slowly releases steam from its pores which gently cooks the food. This prevents foods from drying out. Natural juices and flavors are retained in the pot, while nutrient content is preserved.,Clay Curd Pot with Lid for Storage/Clay Handi/MItti Handi, 1000ML, 500Ml, 300ML. This handi comes in Brown Color. Storage in clay vessels has a long history, stretching back to at least the ancient Roman times. Clay Pots Are Healthy for Your Heart, Maintains the nutritive value, Neutralize the pH level, Cut down oil consumption, Adds more nutrients, Add an earthy flavour & It is very Economical. Unglazed clay pot and lid must be completely submerged in water for at least 15 minutes prior to assembling your meal. Being porous the pot absorbs moisture during soaking. As the pot is slowly heated, the clay slowly releases steam from its pores which gently cooks the food. This prevents foods from drying out. Natural juices and flavors are retained in the pot, while nutrient content is preserved. After washing, make sure the pot is thoroughly dry before storing it. Store the clay pot with the lid off, allowing air to circulate. Or invert the lid and place a paper towel between the pot and the lid to prevent chipping. Store your earthenware in dry and well-ventilated areas. This eliminates the risk of mold growth inside the pot.",,https://www.amazon.in/dp/B0F9TZQJZR?th=1,,,,,2999.0,COOKING_CONTAINER,,
MN0001a,"Bhujodi Kala Cotton Multi Design Black and Off-White Antique Organic Cotton Square Cushion Cover (Organic Cotton (14""x24""), 1)",,"Discover the Charm of Handmade Materials: Luxurious Handspun Cotton

Elevate your living space with our beautifully designed striped cushion cover, which seamlessly blends rustic charm with modern elegance. Crafted from premium, pre-washed, and softened cotton, our pillowcases are not only perfect for your bedroom but also make stunning decorative accents for your living room. Each piece is lovingly handmade in India by skilled artisans who pour their heart and soul into every stitch.

1. Artisan-Made: Each cushion cover is handspun and handwoven by talented Indian artisans.
2. Perfect Size: This cushion cover measures 18X18 inches, offering versatility for a variety of settings.
3. Quality Fabric: Made from luxurious cotton for durability and comfort.
4. Convenient Design: Features an envelope-style closure for easy access and a polished look.
5. Easy Care: Simply hand or machine wash in cold water at temperatures below 30°C to keep it looking fresh and vibrant.
6. Unique Patterns: The position of the stripes may vary depending on the size, adding a unique touch to each cover.
Care Instructions: For the best results, machine wash in cold water (<30°C) and avoid bleach.

Transform your space with our exquisite handmade cushion cover, where quality meets artistry, and make a statement in your home today! | Color: Off white | Eco Friendly | Sustainable | Handcrafted | Made in India,Colour Base – Off white,Extra weft – Black and Off- white,Base fabric (front and back) – Organic Cotton.,Colour Base – Off white Extra weft – Black and Off- white Base fabric (front and back) – Organic Cotton. Handwoven Organic Cotton cover with cotton laces on edges and beautiful tassels for the embellishments.
This is a handwoven fabric that is made on handlooms. It is Organic cotton also known as Kala Cotton.",,https://www.amazon.in/dp/B0F8RGX6XW,,,,,2999.0,DECORATIVE_PILLOW_COVER,,
MN0004,"Bhujodi Kala Cotton Multi Design Black and Off-White Antique Organic Cotton Square Cushion Cover (Cotton (14""x24""), 1)",,"Discover the Charm of Handmade Materials: Luxurious Handspun Cotton

Elevate your living space with our beautifully designed striped cushion cover, which seamlessly blends rustic charm with modern elegance. Crafted from premium, pre-washed, and softened cotton, our pillowcases are not only perfect for your bedroom but also make stunning decorative accents for your living room. Each piece is lovingly handmade in India by skilled artisans who pour their heart and soul into every stitch.

1. Artisan-Made: Each cushion cover is handspun and handwoven by talented Indian artisans.
2. Perfect Size: This cushion cover measures 18X18 inches, offering versatility for a variety of settings.
3. Quality Fabric: Made from luxurious cotton for durability and comfort.
4. Convenient Design: Features an envelope-style closure for easy access and a polished look.
5. Easy Care: Simply hand or machine wash in cold water at temperatures below 30°C to keep it looking fresh and vibrant.
6. Unique Patterns: The position of the stripes may vary depending on the size, adding a unique touch to each cover.
Care Instructions: For the best results, machine wash in cold water (<30°C) and avoid bleach.

Transform your space with our exquisite handmade cushion cover, where quality meets artistry, and make a statement in your home today! | Color: Off white | Eco Friendly | Sustainable | Handcrafted | Made in India,Colour Base – Off white,Extra weft – Black and Off- white,Base fabric (front and back) – Organic Cotton.,Colour Base – Off white Extra weft – Black and Off- white Base fabric (front and back) – Organic Cotton. Handwoven Organic Cotton cover with cotton laces on edges and beautiful tassels for the embellishments.
This is a handwoven fabric that is made on handlooms. It is Organic cotton also known as Kala Cotton.",,,,,https://www.vanchai.in/product-page/black-and-off-white-antique-organic-cotton-cushion-cover-l-14-x-w-24-1,,2999.0,DECORATIVE_PILLOW_COVER,,
MN0005,"Bhujodi Kala Cotton Multi Design Black and Off-White Antique Organic Cotton Square Cushion Cover (Organic Cotton (12""x20""), 1)",,"Discover the Charm of Handmade Materials: Luxurious Handspun Cotton

Elevate your living space with our beautifully designed striped cushion cover, which seamlessly blends rustic charm with modern elegance. Crafted from premium, pre-washed, and softened cotton, our pillowcases are not only perfect for your bedroom but also make stunning decorative accents for your living room. Each piece is lovingly handmade in India by skilled artisans who pour their heart and soul into every stitch.

1. Artisan-Made: Each cushion cover is handspun and handwoven by talented Indian artisans.
2. Perfect Size: This cushion cover measures 18X18 inches, offering versatility for a variety of settings.
3. Quality Fabric: Made from luxurious cotton for durability and comfort.
4. Convenient Design: Features an envelope-style closure for easy access and a polished look.
5. Easy Care: Simply hand or machine wash in cold water at temperatures below 30°C to keep it looking fresh and vibrant.
6. Unique Patterns: The position of the stripes may vary depending on the size, adding a unique touch to each cover.
Care Instructions: For the best results, machine wash in cold water (<30°C) and avoid bleach.

Transform your space with our exquisite handmade cushion cover, where quality meets artistry, and make a statement in your home today! | Color: Off white | Eco Friendly | Sustainable | Handcrafted | Made in India,Colour Base – Off white,Extra weft – Black and Off- white,Base fabric (front and back) – Organic Cotton.,Colour Base – Off white Extra weft – Black and Off- white Base fabric (front and back) – Organic Cotton. Handwoven Organic Cotton cover with cotton laces on edges and beautiful tassels for the embellishments.
This is a handwoven fabric that is made on handlooms. It is Organic cotton also known as Kala Cotton.",,,,,https://www.vanchai.in/product-page/black-and-off-white-antique-organic-cotton-cushion-cover-l-14-x-w-24,,2999.0,DECORATIVE_PILLOW_COVER,,
MN0007,"Bhujodi Kala Cotton Multi Design Black and Off-White Antique Organic Cotton Square Cushion Cover (Organic Cotton (18""x18""), 1)",,"Discover the Charm of Handmade Materials: Luxurious Handspun Cotton

Elevate your living space with our beautifully designed striped cushion cover, which seamlessly blends rustic charm with modern elegance. Crafted from premium, pre-washed, and softened cotton, our pillowcases are not only perfect for your bedroom but also make stunning decorative accents for your living room. Each piece is lovingly handmade in India by skilled artisans who pour their heart and soul into every stitch.

1. Artisan-Made: Each cushion cover is handspun and handwoven by talented Indian artisans.
2. Perfect Size: This cushion cover measures 18X18 inches, offering versatility for a variety of settings.
3. Quality Fabric: Made from luxurious cotton for durability and comfort.
4. Convenient Design: Features an envelope-style closure for easy access and a polished look.
5. Easy Care: Simply hand or machine wash in cold water at temperatures below 30°C to keep it looking fresh and vibrant.
6. Unique Patterns: The position of the stripes may vary depending on the size, adding a unique touch to each cover.
Care Instructions: For the best results, machine wash in cold water (<30°C) and avoid bleach.

Transform your space with our exquisite handmade cushion cover, where quality meets artistry, and make a statement in your home today! | Color: Off white | Eco Friendly | Sustainable | Handcrafted | Made in India,Colour Base – Off white,Extra weft – Black and Off- white,Base fabric (front and back) – Organic Cotton.,Colour Base – Off white Extra weft – Black and Off- white Base fabric (front and back) – Organic Cotton. Handwoven Organic Cotton cover with cotton laces on edges and beautiful tassels for the embellishments.
This is a handwoven fabric that is made on handlooms. It is Organic cotton also known as Kala Cotton.",,,,,https://www.vanchai.in/product-page/black-and-off-white-antique-organic-cotton-cushion-cover-l-18-x-w-18,,2999.0,DECORATIVE_PILLOW_COVER,,
MN0009,"Bhujodi Kala Cotton Multi Design Black and Off-White Antique Organic Cotton Square Cushion Cover (Organic Cotton (20""x20""), 1)",,"Discover the Charm of Handmade Materials: Luxurious Handspun Cotton

Elevate your living space with our beautifully designed striped cushion cover, which seamlessly blends rustic charm with modern elegance. Crafted from premium, pre-washed, and softened cotton, our pillowcases are not only perfect for your bedroom but also make stunning decorative accents for your living room. Each piece is lovingly handmade in India by skilled artisans who pour their heart and soul into every stitch.

1. Artisan-Made: Each cushion cover is handspun and handwoven by talented Indian artisans.
2. Perfect Size: This cushion cover measures 18X18 inches, offering versatility for a variety of settings.
3. Quality Fabric: Made from luxurious cotton for durability and comfort.
4. Convenient Design: Features an envelope-style closure for easy access and a polished look.
5. Easy Care: Simply hand or machine wash in cold water at temperatures below 30°C to keep it looking fresh and vibrant.
6. Unique Patterns: The position of the stripes may vary depending on the size, adding a unique touch to each cover.
Care Instructions: For the best results, machine wash in cold water (<30°C) and avoid bleach.

Transform your space with our exquisite handmade cushion cover, where quality meets artistry, and make a statement in your home today! | Color: Off white | Eco Friendly | Sustainable | Handcrafted | Made in India,Colour Base – Off white,Extra weft – Black and Off- white,Base fabric (front and back) – Organic Cotton.,Colour Base – Off white Extra weft – Black and Off- white Base fabric (front and back) – Organic Cotton. Handwoven Organic Cotton cover with cotton laces on edges and beautiful tassels for the embellishments.
This is a handwoven fabric that is made on handlooms. It is Organic cotton also known as Kala Cotton.",,,,,https://www.vanchai.in/product-page/black-and-off-white-antique-organic-cotton-cushion-cover-l-20-x-w-20,,2999.0,DECORATIVE_PILLOW_COVER,,
MN0011,"Bhujodi Kala Cotton Antique Off White Decorative Cushion Cover (Organic Cotton (14"" x 22""), 1)",,"Eco Friendly | Sustainable | Handcrafted | Made in India -Colour Base – Off white -Extra weft – Mustard, Maroon, Black and Blue -Base fabric (front and back) – Organic Cotton. -Embellishment – Cotton laces on edges with Kantha Hand Embroidery with beautiful tassels. -Handwoven Organic Cotton cover with cotton laces on edges and beautiful tassels for the embellishments. -This is handwoven fabric which is made on handlooms. It is Organic cotton also known as kala Cotton. -Be assured, each product featured in this set has been independently selected and reviewed by our team. -Since these products are handmade, they may have slight irregularities. Shall not be considered as a defect. | Color: Off white | Experience the elegance of our Handwoven Cushion Cover, crafted with care and precision to elevate your home decor. Transform your living space with this unique and stylish addition that combines comfort and artistry.,Kala cotton cushion covers are expertly crafted using the distinguished Bhujodi technique from Bhuj. Created by skilled artisans, these covers not only enhance your decor but also embody a rich tradition of craftsmanship. Choose them to elevate your living space with undeniable quality and style.,,,Kala cotton cushion covers are expertly crafted using the distinguished Bhujodi technique from Bhuj. Created by skilled artisans, these covers not only enhance your decor but also embody a rich tradition of craftsmanship. Choose them to elevate your living space with undeniable quality and style.",,,,,https://www.vanchai.in/product-page/black-off-white-antique-organic-cotton-cushion-cover-l-22-x-w-14,,2999.0,DECORATIVE_PILLOW_COVER,,
MN0012,"Bhujodi Kala Cotton Antique Off White Decorative Cushion Cover (Organic Cotton (12"" x 20"")), 1)",,"Eco Friendly | Sustainable | Handcrafted | Made in India -Colour Base – Off white -Extra weft – Mustard, Maroon, Black and Blue -Base fabric (front and back) – Organic Cotton. -Embellishment – Cotton laces on edges with Kantha Hand Embroidery with beautiful tassels. -Handwoven Organic Cotton cover with cotton laces on edges and beautiful tassels for the embellishments. -This is handwoven fabric which is made on handlooms. It is Organic cotton also known as kala Cotton. -Be assured, each product featured in this set has been independently selected and reviewed by our team. -Since these products are handmade, they may have slight irregularities. Shall not be considered as a defect. | Color: Off white | Experience the elegance of our Handwoven Cushion Cover, crafted with care and precision to elevate your home decor. Transform your living space with this unique and stylish addition that combines comfort and artistry.,Kala cotton cushion covers are expertly crafted using the distinguished Bhujodi technique from Bhuj. Created by skilled artisans, these covers not only enhance your decor but also embody a rich tradition of craftsmanship. Choose them to elevate your living space with undeniable quality and style.,,,Kala cotton cushion covers are expertly crafted using the distinguished Bhujodi technique from Bhuj. Created by skilled artisans, these covers not only enhance your decor but also embody a rich tradition of craftsmanship. Choose them to elevate your living space with undeniable quality and style.",,,,,https://www.vanchai.in/product-page/black-off-white-antique-organic-cotton-cushion-cover-l-20-x-w-12,,2999.0,DECORATIVE_PILLOW_COVER,,
MN0013,"Bhujodi Kala Cotton Antique Off White Decorative Cushion Cover (Sustainable Cotton (14"" x 22""), 1)",,"Eco Friendly | Sustainable | Handcrafted | Made in India -Colour Base – Off white -Extra weft – Mustard, Maroon, Black and Blue -Base fabric (front and back) – Organic Cotton. -Embellishment – Cotton laces on edges with Kantha Hand Embroidery with beautiful tassels. -Handwoven Organic Cotton cover with cotton laces on edges and beautiful tassels for the embellishments. -This is handwoven fabric which is made on handlooms. It is Organic cotton also known as kala Cotton. -Be assured, each product featured in this set has been independently selected and reviewed by our team. -Since these products are handmade, they may have slight irregularities. Shall not be considered as a defect. | Color: Off white | Experience the elegance of our Handwoven Cushion Cover, crafted with care and precision to elevate your home decor. Transform your living space with this unique and stylish addition that combines comfort and artistry.,Kala cotton cushion covers are expertly crafted using the distinguished Bhujodi technique from Bhuj. Created by skilled artisans, these covers not only enhance your decor but also embody a rich tradition of craftsmanship. Choose them to elevate your living space with undeniable quality and style.,,,Kala cotton cushion covers are expertly crafted using the distinguished Bhujodi technique from Bhuj. Created by skilled artisans, these covers not only enhance your decor but also embody a rich tradition of craftsmanship. Choose them to elevate your living space with undeniable quality and style.",,,,,https://www.vanchai.in/product-page/off-white-antique-organic-cotton-cushion-cover-l-22-x-w-14,,2999.0,DECORATIVE_PILLOW_COVER,,
MN0014,"Bhujodi Kala Cotton Antique Off White Decorative Cushion Cover (Sustainable Cotton (12"" x 20""), 1)",,"Eco Friendly | Sustainable | Handcrafted | Made in India -Colour Base – Off white -Extra weft – Mustard, Maroon, Black and Blue -Base fabric (front and back) – Organic Cotton. -Embellishment – Cotton laces on edges with Kantha Hand Embroidery with beautiful tassels. -Handwoven Organic Cotton cover with cotton laces on edges and beautiful tassels for the embellishments. -This is handwoven fabric which is made on handlooms. It is Organic cotton also known as kala Cotton. -Be assured, each product featured in this set has been independently selected and reviewed by our team. -Since these products are handmade, they may have slight irregularities. Shall not be considered as a defect. | Color: Off white | Experience the elegance of our Handwoven Cushion Cover, crafted with care and precision to elevate your home decor. Transform your living space with this unique and stylish addition that combines comfort and artistry.,Kala cotton cushion covers are expertly crafted using the distinguished Bhujodi technique from Bhuj. Created by skilled artisans, these covers not only enhance your decor but also embody a rich tradition of craftsmanship. Choose them to elevate your living space with undeniable quality and style.,,,Kala cotton cushion covers are expertly crafted using the distinguished Bhujodi technique from Bhuj. Created by skilled artisans, these covers not only enhance your decor but also embody a rich tradition of craftsmanship. Choose them to elevate your living space with undeniable quality and style.",,,,,https://www.vanchai.in/product-page/off-white-antique-organic-cotton-cushion-cover-l-20-x-w-12,,2999.0,DECORATIVE_PILLOW_COVER,,
MN0015,"Bhujodi Kala Cotton Antique Off White Decorative Cushion Cover (Organic Cotton (14"" x 14""), 1)",,"Eco Friendly | Sustainable | Handcrafted | Made in India -Colour Base – Off white -Extra weft – Mustard, Maroon, Black and Blue -Base fabric (front and back) – Organic Cotton. -Embellishment – Cotton laces on edges with Kantha Hand Embroidery with beautiful tassels. -Handwoven Organic Cotton cover with cotton laces on edges and beautiful tassels for the embellishments. -This is handwoven fabric which is made on handlooms. It is Organic cotton also known as kala Cotton. -Be assured, each product featured in this set has been independently selected and reviewed by our team. -Since these products are handmade, they may have slight irregularities. Shall not be considered as a defect. | Color: Off white | Experience the elegance of our Handwoven Cushion Cover, crafted with care and precision to elevate your home decor. Transform your living space with this unique and stylish addition that combines comfort and artistry.,Kala cotton cushion covers are expertly crafted using the distinguished Bhujodi technique from Bhuj. Created by skilled artisans, these covers not only enhance your decor but also embody a rich tradition of craftsmanship. Choose them to elevate your living space with undeniable quality and style.,,,Kala cotton cushion covers are expertly crafted using the distinguished Bhujodi technique from Bhuj. Created by skilled artisans, these covers not only enhance your decor but also embody a rich tradition of craftsmanship. Choose them to elevate your living space with undeniable quality and style.",,,,,https://www.vanchai.in/product-page/off-white-antique-organic-cotton-cushion-cover-l-12-x-w-12,,2999.0,DECORATIVE_PILLOW_COVER,,
MN0016,"Bhujodi Kala Cotton Antique Off White Decorative Cushion Cover (Sustainable Cotton (20"" x 22""), 1)",,"Eco Friendly | Sustainable | Handcrafted | Made in India -Colour Base – Off white -Extra weft – Mustard, Maroon, Black and Blue -Base fabric (front and back) – Organic Cotton. -Embellishment – Cotton laces on edges with Kantha Hand Embroidery with beautiful tassels. -Handwoven Organic Cotton cover with cotton laces on edges and beautiful tassels for the embellishments. -This is handwoven fabric which is made on handlooms. It is Organic cotton also known as kala Cotton. -Be assured, each product featured in this set has been independently selected and reviewed by our team. -Since these products are handmade, they may have slight irregularities. Shall not be considered as a defect. | Color: Off white | Experience the elegance of our Handwoven Cushion Cover, crafted with care and precision to elevate your home decor. Transform your living space with this unique and stylish addition that combines comfort and artistry.,Kala cotton cushion covers are expertly crafted using the distinguished Bhujodi technique from Bhuj. Created by skilled artisans, these covers not only enhance your decor but also embody a rich tradition of craftsmanship. Choose them to elevate your living space with undeniable quality and style.,,,Kala cotton cushion covers are expertly crafted using the distinguished Bhujodi technique from Bhuj. Created by skilled artisans, these covers not only enhance your decor but also embody a rich tradition of craftsmanship. Choose them to elevate your living space with undeniable quality and style.",,,,,https://www.vanchai.in/product-page/off-white-antique-organic-cotton-cushion-cover-l-22-x-w-22,,2999.0,DECORATIVE_PILLOW_COVER,,
MN0017,"Bhujodi Kala Cotton Antique Off White Decorative Cushion Cover (Organic Cotton (20""x 20""), 1)",,"Eco Friendly | Sustainable | Handcrafted | Made in India -Colour Base – Off white -Extra weft – Mustard, Maroon, Black and Blue -Base fabric (front and back) – Organic Cotton. -Embellishment – Cotton laces on edges with Kantha Hand Embroidery with beautiful tassels. -Handwoven Organic Cotton cover with cotton laces on edges and beautiful tassels for the embellishments. -This is handwoven fabric which is made on handlooms. It is Organic cotton also known as kala Cotton. -Be assured, each product featured in this set has been independently selected and reviewed by our team. -Since these products are handmade, they may have slight irregularities. Shall not be considered as a defect. | Color: Off white | Experience the elegance of our Handwoven Cushion Cover, crafted with care and precision to elevate your home decor. Transform your living space with this unique and stylish addition that combines comfort and artistry.,Kala cotton cushion covers are expertly crafted using the distinguished Bhujodi technique from Bhuj. Created by skilled artisans, these covers not only enhance your decor but also embody a rich tradition of craftsmanship. Choose them to elevate your living space with undeniable quality and style.,,,Kala cotton cushion covers are expertly crafted using the distinguished Bhujodi technique from Bhuj. Created by skilled artisans, these covers not only enhance your decor but also embody a rich tradition of craftsmanship. Choose them to elevate your living space with undeniable quality and style.",,,,,https://www.vanchai.in/product-page/off-white-antique-organic-cotton-cushion-cover-l-20-x-w-20,,2999.0,DECORATIVE_PILLOW_COVER,,
MN0018,"Bhujodi Kala Cotton Antique Off White Decorative Cushion Cover (Sustainable Cotton (20"" x 20""), 1)",,"Eco Friendly | Sustainable | Handcrafted | Made in India -Colour Base – Off white -Extra weft – Mustard, Maroon, Black and Blue -Base fabric (front and back) – Organic Cotton. -Embellishment – Cotton laces on edges with Kantha Hand Embroidery with beautiful tassels. -Handwoven Organic Cotton cover with cotton laces on edges and beautiful tassels for the embellishments. -This is handwoven fabric which is made on handlooms. It is Organic cotton also known as kala Cotton. -Be assured, each product featured in this set has been independently selected and reviewed by our team. -Since these products are handmade, they may have slight irregularities. Shall not be considered as a defect. | Color: Off white | Experience the elegance of our Handwoven Cushion Cover, crafted with care and precision to elevate your home decor. Transform your living space with this unique and stylish addition that combines comfort and artistry.,Kala cotton cushion covers are expertly crafted using the distinguished Bhujodi technique from Bhuj. Created by skilled artisans, these covers not only enhance your decor but also embody a rich tradition of craftsmanship. Choose them to elevate your living space with undeniable quality and style.,,,Kala cotton cushion covers are expertly crafted using the distinguished Bhujodi technique from Bhuj. Created by skilled artisans, these covers not only enhance your decor but also embody a rich tradition of craftsmanship. Choose them to elevate your living space with undeniable quality and style.",,,,,https://www.vanchai.in/product-page/off-white-antique-organic-cotton-cushion-cover-l-20-x-w-20-1,,2999.0,DECORATIVE_PILLOW_COVER,,
MN0019,"Bhujodi Kala Cotton Antique Off White Decorative Cushion Cover (Organic Cotton (16""x 16""), 1)",,"Eco Friendly | Sustainable | Handcrafted | Made in India -Colour Base – Off white -Extra weft – Mustard, Maroon, Black and Blue -Base fabric (front and back) – Organic Cotton. -Embellishment – Cotton laces on edges with Kantha Hand Embroidery with beautiful tassels. -Handwoven Organic Cotton cover with cotton laces on edges and beautiful tassels for the embellishments. -This is handwoven fabric which is made on handlooms. It is Organic cotton also known as kala Cotton. -Be assured, each product featured in this set has been independently selected and reviewed by our team. -Since these products are handmade, they may have slight irregularities. Shall not be considered as a defect. | Color: Off white | Experience the elegance of our Handwoven Cushion Cover, crafted with care and precision to elevate your home decor. Transform your living space with this unique and stylish addition that combines comfort and artistry.,Kala cotton cushion covers are expertly crafted using the distinguished Bhujodi technique from Bhuj. Created by skilled artisans, these covers not only enhance your decor but also embody a rich tradition of craftsmanship. Choose them to elevate your living space with undeniable quality and style.,,,Kala cotton cushion covers are expertly crafted using the distinguished Bhujodi technique from Bhuj. Created by skilled artisans, these covers not only enhance your decor but also embody a rich tradition of craftsmanship. Choose them to elevate your living space with undeniable quality and style.",,,,,https://www.vanchai.in/product-page/off-white-antique-organic-cotton-cushion-cover-l-16-x-w-16,,2999.0,DECORATIVE_PILLOW_COVER,,
MN0025,"Vanchai Ajrak Hand Block Cushion Cover (1, Rust Red, 12"" x 24"")",,"Eco Friendly | Sustainable | Handcrafted | Made in India Block Print – Ajrak Base fabric (front and back) – Cotton. Embellishment – Kantha Hand Embroidery and metal sequins Ajrak is a block-printed textile that is resist-dyed using natural dyes. including indigo and madder. It is made by the Khatris community in Kutch, Gujarat and is distinguished by its colour- blue with red - and its complex geometric & floral patterns. Its name is derived from 'azarak', 'blue' in Arabic & Persian. Uplift the spirit of your cosy space with vibrant handcrafted cushion covers. Make a mix & match of diverse colours & crafts or add a punch of colour to your subdued furnishing. Adorned with subtle details of metal sequins & handcrafted done Kantha embroidery, our assorted range of cushion covers will add a bling to your home decor. A home with an ethnic dimension is a close call between classy and a traditional makeover. This is a handwoven fabric that is made on handlooms. It is Organic cotton also known as Kala Cotton. Be assured, that each product featured in this set has been independently selected and reviewed by our team. Since these products are handmade, they may have slight irregularities. Shall not be considered a defect. | Color: Rust Red | **Eco-Friendly | Sustainable | Handcrafted | Made in India**

Introducing our Ajrak block print cushion covers, crafted from cotton fabric featuring a beautiful Ajrak design on both the front and back. Each cover is adorned with exquisite Kantha hand embroidery and delicate metal sequins.,Ajrak is a traditional block-printed textile that is resist-dyed using natural dyes, including indigo and madder. Made by the Khatris community in Kutch, Gujarat, it is renowned for its vibrant blue and red colors, as well as its intricate geometric and floral patterns. The name 'Ajrak' is derived from 'azarak,' which means 'blue' in Arabic and Persian.,Elevate your cozy space with our vibrant handcrafted cushion covers. You can mix and match different colors and crafts or add a splash of vibrancy to your more subdued furnishings. The subtle details of metal sequins and the artistry of Kantha embroidery will bring a unique touch to your home decor.,A home that embraces ethnic elements strikes a beautiful balance between classy and traditional aesthetics. Our cushion covers are made from handwoven organic cotton, also known as Kala Cotton.,Ajrak is a traditional block-printed textile that is resist-dyed using natural dyes, including indigo and madder. Made by the Khatris community in Kutch, Gujarat, it is renowned for its vibrant blue and red colors, as well as its intricate geometric and floral patterns. The name 'Ajrak' is derived from 'azarak,' which means 'blue' in Arabic and Persian. Elevate your cozy space with our vibrant handcrafted cushion covers. You can mix and match different colors and crafts or add a splash of vibrancy to your more subdued furnishings. The subtle details of metal sequins and the artistry of Kantha embroidery will bring a unique touch to your home decor. A home that embraces ethnic elements strikes a beautiful balance between classy and traditional aesthetics. Our cushion covers are made from handwoven organic cotton, also known as Kala Cotton. Please note that each product in this collection has been independently selected and reviewed by our team. Since these items are handmade, they may exhibit slight irregularities, which should not be considered defects.",,,,,https://www.vanchai.in/product-page/copy-of-black-and-off-white-antique-organic-cotton-cushion-cover-l-14-x-w-24,,2599.0,DECORATIVE_PILLOW_COVER,,
MN0026,"Vanchai Ajrak Hand Block Cushion Cover (1, Indigo Blue, 18""x18"")",,"Eco Friendly | Sustainable | Handcrafted | Made in India Block Print – Ajrak Base fabric (front and back) – Cotton. Embellishment – Kantha Hand Embroidery and metal sequins Ajrak is a block-printed textile that is resist-dyed using natural dyes. including indigo and madder. It is made by the Khatris community in Kutch, Gujarat and is distinguished by its colour- blue with red - and its complex geometric & floral patterns. Its name is derived from 'azarak', 'blue' in Arabic & Persian. Uplift the spirit of your cosy space with vibrant handcrafted cushion covers. Make a mix & match of diverse colours & crafts or add a punch of colour to your subdued furnishing. Adorned with subtle details of metal sequins & handcrafted done Kantha embroidery, our assorted range of cushion covers will add a bling to your home decor. A home with an ethnic dimension is a close call between classy and a traditional makeover. This is a handwoven fabric that is made on handlooms. It is Organic cotton also known as Kala Cotton. Be assured, that each product featured in this set has been independently selected and reviewed by our team. Since these products are handmade, they may have slight irregularities. Shall not be considered a defect. | Color: Indigo | **Eco-Friendly | Sustainable | Handcrafted | Made in India**

Introducing our Ajrak block print cushion covers, crafted from cotton fabric featuring a beautiful Ajrak design on both the front and back. Each cover is adorned with exquisite Kantha hand embroidery and delicate metal sequins.,Ajrak is a traditional block-printed textile that is resist-dyed using natural dyes, including indigo and madder. Made by the Khatris community in Kutch, Gujarat, it is renowned for its vibrant blue and red colors, as well as its intricate geometric and floral patterns. The name 'Ajrak' is derived from 'azarak,' which means 'blue' in Arabic and Persian.,Elevate your cozy space with our vibrant handcrafted cushion covers. You can mix and match different colors and crafts or add a splash of vibrancy to your more subdued furnishings. The subtle details of metal sequins and the artistry of Kantha embroidery will bring a unique touch to your home decor.,A home that embraces ethnic elements strikes a beautiful balance between classy and traditional aesthetics. Our cushion covers are made from handwoven organic cotton, also known as Kala Cotton.,Ajrak is a traditional block-printed textile that is resist-dyed using natural dyes, including indigo and madder. Made by the Khatris community in Kutch, Gujarat, it is renowned for its vibrant blue and red colors, as well as its intricate geometric and floral patterns. The name 'Ajrak' is derived from 'azarak,' which means 'blue' in Arabic and Persian. Elevate your cozy space with our vibrant handcrafted cushion covers. You can mix and match different colors and crafts or add a splash of vibrancy to your more subdued furnishings. The subtle details of metal sequins and the artistry of Kantha embroidery will bring a unique touch to your home decor. A home that embraces ethnic elements strikes a beautiful balance between classy and traditional aesthetics. Our cushion covers are made from handwoven organic cotton, also known as Kala Cotton. Please note that each product in this collection has been independently selected and reviewed by our team. Since these items are handmade, they may exhibit slight irregularities, which should not be considered defects.",,,,,https://www.vanchai.in/product-page/ajrak-handcrafted-organic-cotton-cushion-cover-12-x-20,,1699.0,DECORATIVE_PILLOW_COVER,,
MN0027,"Vanchai Ajrak Hand Block Cushion Cover (1, Indigo Green, 14""x35"")",,"Eco Friendly | Sustainable | Handcrafted | Made in India Block Print – Ajrak Base fabric (front and back) – Cotton. Embellishment – Kantha Hand Embroidery and metal sequins Ajrak is a block-printed textile that is resist-dyed using natural dyes. including indigo and madder. It is made by the Khatris community in Kutch, Gujarat and is distinguished by its colour- blue with red - and its complex geometric & floral patterns. Its name is derived from 'azarak', 'blue' in Arabic & Persian. Uplift the spirit of your cosy space with vibrant handcrafted cushion covers. Make a mix & match of diverse colours & crafts or add a punch of colour to your subdued furnishing. Adorned with subtle details of metal sequins & handcrafted done Kantha embroidery, our assorted range of cushion covers will add a bling to your home decor. A home with an ethnic dimension is a close call between classy and a traditional makeover. This is a handwoven fabric that is made on handlooms. It is Organic cotton also known as Kala Cotton. Be assured, that each product featured in this set has been independently selected and reviewed by our team. Since these products are handmade, they may have slight irregularities. Shall not be considered a defect. | Color: Indigo Green | **Eco-Friendly | Sustainable | Handcrafted | Made in India**

Introducing our Ajrak block print cushion covers, crafted from cotton fabric featuring a beautiful Ajrak design on both the front and back. Each cover is adorned with exquisite Kantha hand embroidery and delicate metal sequins.,Ajrak is a traditional block-printed textile that is resist-dyed using natural dyes, including indigo and madder. Made by the Khatris community in Kutch, Gujarat, it is renowned for its vibrant blue and red colors, as well as its intricate geometric and floral patterns. The name 'Ajrak' is derived from 'azarak,' which means 'blue' in Arabic and Persian.,Elevate your cozy space with our vibrant handcrafted cushion covers. You can mix and match different colors and crafts or add a splash of vibrancy to your more subdued furnishings. The subtle details of metal sequins and the artistry of Kantha embroidery will bring a unique touch to your home decor.,A home that embraces ethnic elements strikes a beautiful balance between classy and traditional aesthetics. Our cushion covers are made from handwoven organic cotton, also known as Kala Cotton.,Ajrak is a traditional block-printed textile that is resist-dyed using natural dyes, including indigo and madder. Made by the Khatris community in Kutch, Gujarat, it is renowned for its vibrant blue and red colors, as well as its intricate geometric and floral patterns. The name 'Ajrak' is derived from 'azarak,' which means 'blue' in Arabic and Persian. Elevate your cozy space with our vibrant handcrafted cushion covers. You can mix and match different colors and crafts or add a splash of vibrancy to your more subdued furnishings. The subtle details of metal sequins and the artistry of Kantha embroidery will bring a unique touch to your home decor. A home that embraces ethnic elements strikes a beautiful balance between classy and traditional aesthetics. Our cushion covers are made from handwoven organic cotton, also known as Kala Cotton. Please note that each product in this collection has been independently selected and reviewed by our team. Since these items are handmade, they may exhibit slight irregularities, which should not be considered defects.",,,,,https://www.vanchai.in/product-page/ajrak-handcrafted-organic-cotton-cushion-cover-35-x-90,,2599.0,DECORATIVE_PILLOW_COVER,,
MN0027,"Vanchai Ajrak Hand Block Cushion Cover (1, Rust Red, 14""x35"")",,"Eco Friendly | Sustainable | Handcrafted | Made in India Block Print – Ajrak Base fabric (front and back) – Cotton. Embellishment – Kantha Hand Embroidery and metal sequins Ajrak is a block-printed textile that is resist-dyed using natural dyes. including indigo and madder. It is made by the Khatris community in Kutch, Gujarat and is distinguished by its colour- blue with red - and its complex geometric & floral patterns. Its name is derived from 'azarak', 'blue' in Arabic & Persian. Uplift the spirit of your cosy space with vibrant handcrafted cushion covers. Make a mix & match of diverse colours & crafts or add a punch of colour to your subdued furnishing. Adorned with subtle details of metal sequins & handcrafted done Kantha embroidery, our assorted range of cushion covers will add a bling to your home decor. A home with an ethnic dimension is a close call between classy and a traditional makeover. This is a handwoven fabric that is made on handlooms. It is Organic cotton also known as Kala Cotton. Be assured, that each product featured in this set has been independently selected and reviewed by our team. Since these products are handmade, they may have slight irregularities. Shall not be considered a defect. | Color: Red | **Eco-Friendly | Sustainable | Handcrafted | Made in India**

Introducing our Ajrak block print cushion covers, crafted from cotton fabric featuring a beautiful Ajrak design on both the front and back. Each cover is adorned with exquisite Kantha hand embroidery and delicate metal sequins.,,,,",,,,,https://www.vanchai.in/product-page/ajrak-handcrafted-organic-cotton-cushion-cover-35-x-90,,1899.0,DECORATIVE_PILLOW_COVER,,
MN0027,"Vanchai Ajrak Hand Block Cushion Cover (1, Indigo Blue, 14""x35"")",,"Eco Friendly | Sustainable | Handcrafted | Made in India Block Print – Ajrak Base fabric (front and back) – Cotton. Embellishment – Kantha Hand Embroidery and metal sequins Ajrak is a block-printed textile that is resist-dyed using natural dyes. including indigo and madder. It is made by the Khatris community in Kutch, Gujarat and is distinguished by its colour- blue with red - and its complex geometric & floral patterns. Its name is derived from 'azarak', 'blue' in Arabic & Persian. Uplift the spirit of your cosy space with vibrant handcrafted cushion covers. Make a mix & match of diverse colours & crafts or add a punch of colour to your subdued furnishing. Adorned with subtle details of metal sequins & handcrafted done Kantha embroidery, our assorted range of cushion covers will add a bling to your home decor. A home with an ethnic dimension is a close call between classy and a traditional makeover. This is a handwoven fabric that is made on handlooms. It is Organic cotton also known as Kala Cotton. Be assured, that each product featured in this set has been independently selected and reviewed by our team. Since these products are handmade, they may have slight irregularities. Shall not be considered a defect. | Color: Indigo Blue | **Eco-Friendly | Sustainable | Handcrafted | Made in India**

Introducing our Ajrak block print cushion covers, crafted from cotton fabric featuring a beautiful Ajrak design on both the front and back. Each cover is adorned with exquisite Kantha hand embroidery and delicate metal sequins.,,,,",,,,,https://www.vanchai.in/product-page/ajrak-handcrafted-organic-cotton-cushion-cover-35-x-90,,2599.0,DECORATIVE_PILLOW_COVER,,
MN0028,"Vanchai Ajrak Hand Block Cushion Cover (1, Brick Peach, 16""x16"")",,"Eco Friendly | Sustainable | Handcrafted | Made in India Block Print – Ajrak Base fabric (front and back) – Cotton. Embellishment – Kantha Hand Embroidery and metal sequins Ajrak is a block-printed textile that is resist-dyed using natural dyes. including indigo and madder. It is made by the Khatris community in Kutch, Gujarat and is distinguished by its colour- blue with red - and its complex geometric & floral patterns. Its name is derived from 'azarak', 'blue' in Arabic & Persian. Uplift the spirit of your cosy space with vibrant handcrafted cushion covers. Make a mix & match of diverse colours & crafts or add a punch of colour to your subdued furnishing. Adorned with subtle details of metal sequins & handcrafted done Kantha embroidery, our assorted range of cushion covers will add a bling to your home decor. A home with an ethnic dimension is a close call between classy and a traditional makeover. This is a handwoven fabric that is made on handlooms. It is Organic cotton also known as Kala Cotton. Be assured, that each product featured in this set has been independently selected and reviewed by our team. Since these products are handmade, they may have slight irregularities. Shall not be considered a defect. | Color: Brick Peach | **Eco-Friendly | Sustainable | Handcrafted | Made in India**

Introducing our Ajrak block print cushion covers, crafted from cotton fabric featuring a beautiful Ajrak design on both the front and back. Each cover is adorned with exquisite Kantha hand embroidery and delicate metal sequins.,Ajrak is a traditional block-printed textile that is resist-dyed using natural dyes, including indigo and madder. Made by the Khatris community in Kutch, Gujarat, it is renowned for its vibrant blue and red colors, as well as its intricate geometric and floral patterns. The name 'Ajrak' is derived from 'azarak,' which means 'blue' in Arabic and Persian.,Elevate your cozy space with our vibrant handcrafted cushion covers. You can mix and match different colors and crafts or add a splash of vibrancy to your more subdued furnishings. The subtle details of metal sequins and the artistry of Kantha embroidery will bring a unique touch to your home decor.,A home that embraces ethnic elements strikes a beautiful balance between classy and traditional aesthetics. Our cushion covers are made from handwoven organic cotton, also known as Kala Cotton.,Ajrak is a traditional block-printed textile that is resist-dyed using natural dyes, including indigo and madder. Made by the Khatris community in Kutch, Gujarat, it is renowned for its vibrant blue and red colors, as well as its intricate geometric and floral patterns. The name 'Ajrak' is derived from 'azarak,' which means 'blue' in Arabic and Persian. Elevate your cozy space with our vibrant handcrafted cushion covers. You can mix and match different colors and crafts or add a splash of vibrancy to your more subdued furnishings. The subtle details of metal sequins and the artistry of Kantha embroidery will bring a unique touch to your home decor. A home that embraces ethnic elements strikes a beautiful balance between classy and traditional aesthetics. Our cushion covers are made from handwoven organic cotton, also known as Kala Cotton. Please note that each product in this collection has been independently selected and reviewed by our team. Since these items are handmade, they may exhibit slight irregularities, which should not be considered defects.",,,,,https://www.vanchai.in/product-page/ajrak-handcrafted-organic-cotton-cushion-cover-18-x-18,,2599.0,DECORATIVE_PILLOW_COVER,,
MN0031,"Stripped Design Black and Off-White Organic Cotton Square Cushion Cover (Organic Cotton (18""x18""), 1)",,"Discover the Charm of Handmade Materials: Handspun Cotton

Elevate your living space with our beautifully designed striped cushion cover, which seamlessly blends rustic charm with modern elegance. Crafted from premium, pre-washed, and softened cotton, our pillowcases are not only perfect for your bedroom but also make stunning decorative accents for your living room. Each piece is lovingly handmade in India by skilled artisans who pour their heart and soul into every stitch.

1. Artisan-Made: Each cushion cover is handspun and handwoven by talented Indian artisans.
2. Perfect Size: We have different cushion cover, offering versatility for a variety of settings.
3. Quality Fabric: Made from luxurious cotton for durability and comfort.
4. Convenient Design: Features an envelope-style closure for easy access and a polished look.
5. Easy Care: Simply hand or machine wash in cold water at temperatures below 30°C to keep it looking fresh and vibrant.
6. Unique Patterns: The position of the stripes may vary depending on the size, adding a unique touch to each cover.
Care Instructions: For the best results, machine wash in cold water (<30°C) and avoid bleach.

Transform your space with our exquisite handmade cushion cover, where quality meets artistry, and make a statement in your home today! | Color: Beige | Eco Friendly | Sustainable | Handcrafted | Made in India,Colour Base – Off white,Extra weft – Black and Off- white,Base fabric (front and back) – Organic Cotton.,Colour Base – Off white Extra weft – Black and Off- white Base fabric (front and back) – Organic Cotton. Handwoven Organic Cotton cover with cotton laces on edges and beautiful tassels for the embellishments.
This is a handwoven fabric that is made on handlooms. It is Organic cotton also known as Kala Cotton.",,,,,https://www.vanchai.in/product-page/stripped-organic-cotton-cushion-cover-20-x-20,,1999.0,DECORATIVE_PILLOW_COVER,,
MN0032,"Stripped Design Black and Off-White Organic Cotton Square Cushion Cover (Organic Cotton (14""x24""), 1)",,"Discover the Charm of Handmade Materials: Handspun Cotton

Elevate your living space with our beautifully designed striped cushion cover, which seamlessly blends rustic charm with modern elegance. Crafted from premium, pre-washed, and softened cotton, our pillowcases are not only perfect for your bedroom but also make stunning decorative accents for your living room. Each piece is lovingly handmade in India by skilled artisans who pour their heart and soul into every stitch.

1. Artisan-Made: Each cushion cover is handspun and handwoven by talented Indian artisans.
2. Perfect Size: We have different cushion cover, offering versatility for a variety of settings.
3. Quality Fabric: Made from luxurious cotton for durability and comfort.
4. Convenient Design: Features an envelope-style closure for easy access and a polished look.
5. Easy Care: Simply hand or machine wash in cold water at temperatures below 30°C to keep it looking fresh and vibrant.
6. Unique Patterns: The position of the stripes may vary depending on the size, adding a unique touch to each cover.
Care Instructions: For the best results, machine wash in cold water (<30°C) and avoid bleach.

Transform your space with our exquisite handmade cushion cover, where quality meets artistry, and make a statement in your home today! | Color: Beige | Eco Friendly | Sustainable | Handcrafted | Made in India,Colour Base – Off white,Extra weft – Black and Off- white,Base fabric (front and back) – Organic Cotton.,Colour Base – Off white Extra weft – Black and Off- white Base fabric (front and back) – Organic Cotton. Handwoven Organic Cotton cover with cotton laces on edges and beautiful tassels for the embellishments.
This is a handwoven fabric that is made on handlooms. It is Organic cotton also known as Kala Cotton.",,,,,https://www.vanchai.in/product-page/stripped-organic-cotton-cushion-cover-14-x-24,,1999.0,DECORATIVE_PILLOW_COVER,,
MN0033,"Stripped Design Black and Off-White Organic Cotton Square Cushion Cover (Organic Cotton Fringes (12""x20""), 1)",,"Discover the Charm of Handmade Materials: Handspun Cotton

Elevate your living space with our beautifully designed striped cushion cover, which seamlessly blends rustic charm with modern elegance. Crafted from premium, pre-washed, and softened cotton, our pillowcases are not only perfect for your bedroom but also make stunning decorative accents for your living room. Each piece is lovingly handmade in India by skilled artisans who pour their heart and soul into every stitch.

1. Artisan-Made: Each cushion cover is handspun and handwoven by talented Indian artisans.
2. Perfect Size: We have different cushion cover, offering versatility for a variety of settings.
3. Quality Fabric: Made from luxurious cotton for durability and comfort.
4. Convenient Design: Features an envelope-style closure for easy access and a polished look.
5. Easy Care: Simply hand or machine wash in cold water at temperatures below 30°C to keep it looking fresh and vibrant.
6. Unique Patterns: The position of the stripes may vary depending on the size, adding a unique touch to each cover.
Care Instructions: For the best results, machine wash in cold water (<30°C) and avoid bleach.

Transform your space with our exquisite handmade cushion cover, where quality meets artistry, and make a statement in your home today! | Color: Beige | Eco Friendly | Sustainable | Handcrafted | Made in India,Colour Base – Off white,Extra weft – Black and Off- white,Base fabric (front and back) – Organic Cotton.,Colour Base – Off white Extra weft – Black and Off- white Base fabric (front and back) – Organic Cotton. Handwoven Organic Cotton cover with cotton laces on edges and beautiful tassels for the embellishments.
This is a handwoven fabric that is made on handlooms. It is Organic cotton also known as Kala Cotton.",,,,,https://www.vanchai.in/product-page/stripped-organic-cotton-cushion-cover-with-fringes-14-x-24,,1999.0,DECORATIVE_PILLOW_COVER,,
MN0034,"Stripped Design Black and Off-White Organic Cotton Square Cushion Cover (Organic Cotton Fringes (18""x18""), 1)",,"Discover the Charm of Handmade Materials: Handspun Cotton

Elevate your living space with our beautifully designed striped cushion cover, which seamlessly blends rustic charm with modern elegance. Crafted from premium, pre-washed, and softened cotton, our pillowcases are not only perfect for your bedroom but also make stunning decorative accents for your living room. Each piece is lovingly handmade in India by skilled artisans who pour their heart and soul into every stitch.

1. Artisan-Made: Each cushion cover is handspun and handwoven by talented Indian artisans.
2. Perfect Size: We have different cushion cover, offering versatility for a variety of settings.
3. Quality Fabric: Made from luxurious cotton for durability and comfort.
4. Convenient Design: Features an envelope-style closure for easy access and a polished look.
5. Easy Care: Simply hand or machine wash in cold water at temperatures below 30°C to keep it looking fresh and vibrant.
6. Unique Patterns: The position of the stripes may vary depending on the size, adding a unique touch to each cover.
Care Instructions: For the best results, machine wash in cold water (<30°C) and avoid bleach.

Transform your space with our exquisite handmade cushion cover, where quality meets artistry, and make a statement in your home today! | Color: Beige | Eco Friendly | Sustainable | Handcrafted | Made in India,Colour Base – Off white,Extra weft – Black and Off- white,Base fabric (front and back) – Organic Cotton.,Colour Base – Off white Extra weft – Black and Off- white Base fabric (front and back) – Organic Cotton. Handwoven Organic Cotton cover with cotton laces on edges and beautiful tassels for the embellishments.
This is a handwoven fabric that is made on handlooms. It is Organic cotton also known as Kala Cotton.",,,,,https://www.vanchai.in/product-page/stripped-organic-cotton-cushion-cover-with-fringes-20-x-20,,1999.0,DECORATIVE_PILLOW_COVER,,
MN0035,"Stripped Design Black and Off-White Organic Cotton Square Cushion Cover (Organic Cotton (12"" x 18""), 1)",,"Discover the Charm of Handmade Materials: Handspun Cotton

Elevate your living space with our beautifully designed striped cushion cover, which seamlessly blends rustic charm with modern elegance. Crafted from premium, pre-washed, and softened cotton, our pillowcases are not only perfect for your bedroom but also make stunning decorative accents for your living room. Each piece is lovingly handmade in India by skilled artisans who pour their heart and soul into every stitch.

1. Artisan-Made: Each cushion cover is handspun and handwoven by talented Indian artisans.
2. Perfect Size: We have different cushion cover, offering versatility for a variety of settings.
3. Quality Fabric: Made from luxurious cotton for durability and comfort.
4. Convenient Design: Features an envelope-style closure for easy access and a polished look.
5. Easy Care: Simply hand or machine wash in cold water at temperatures below 30°C to keep it looking fresh and vibrant.
6. Unique Patterns: The position of the stripes may vary depending on the size, adding a unique touch to each cover.
Care Instructions: For the best results, machine wash in cold water (<30°C) and avoid bleach.

Transform your space with our exquisite handmade cushion cover, where quality meets artistry, and make a statement in your home today! | Color: Beige | Eco Friendly | Sustainable | Handcrafted | Made in India,Colour Base – Off white,Extra weft – Black and Off- white,Base fabric (front and back) – Organic Cotton.,Colour Base – Off white Extra weft – Black and Off- white Base fabric (front and back) – Organic Cotton. Handwoven Organic Cotton cover with cotton laces on edges and beautiful tassels for the embellishments.
This is a handwoven fabric that is made on handlooms. It is Organic cotton also known as Kala Cotton.",,,,,https://www.vanchai.in/product-page/stripped-organic-cotton-cushion-cover-12-x-18,,1999.0,DECORATIVE_PILLOW_COVER,,
MN0036,"Stripped Design Black and Off-White Organic Cotton Square Cushion Cover (Organic Cotton (16"" x 16""), 1)",,"Discover the Charm of Handmade Materials: Handspun Cotton

Elevate your living space with our beautifully designed striped cushion cover, which seamlessly blends rustic charm with modern elegance. Crafted from premium, pre-washed, and softened cotton, our pillowcases are not only perfect for your bedroom but also make stunning decorative accents for your living room. Each piece is lovingly handmade in India by skilled artisans who pour their heart and soul into every stitch.

1. Artisan-Made: Each cushion cover is handspun and handwoven by talented Indian artisans.
2. Perfect Size: We have different cushion cover, offering versatility for a variety of settings.
3. Quality Fabric: Made from luxurious cotton for durability and comfort.
4. Convenient Design: Features an envelope-style closure for easy access and a polished look.
5. Easy Care: Simply hand or machine wash in cold water at temperatures below 30°C to keep it looking fresh and vibrant.
6. Unique Patterns: The position of the stripes may vary depending on the size, adding a unique touch to each cover.
Care Instructions: For the best results, machine wash in cold water (<30°C) and avoid bleach.

Transform your space with our exquisite handmade cushion cover, where quality meets artistry, and make a statement in your home today! | Color: Beige | Eco Friendly | Sustainable | Handcrafted | Made in India,Colour Base – Off white,Extra weft – Black and Off- white,Base fabric (front and back) – Organic Cotton.,Colour Base – Off white Extra weft – Black and Off- white Base fabric (front and back) – Organic Cotton. Handwoven Organic Cotton cover with cotton laces on edges and beautiful tassels for the embellishments.
This is a handwoven fabric that is made on handlooms. It is Organic cotton also known as Kala Cotton.",,,,,https://www.vanchai.in/product-page/stripped-organic-cotton-cushion-cover-14-x-14,,1999.0,DECORATIVE_PILLOW_COVER,,
MN0037,"Stripped Design Black and Off-White Organic Cotton Square Cushion Cover (Organic Cotton (14"" x 35""), 1)",,"Discover the Charm of Handmade Materials: Handspun Cotton

Elevate your living space with our beautifully designed striped cushion cover, which seamlessly blends rustic charm with modern elegance. Crafted from premium, pre-washed, and softened cotton, our pillowcases are not only perfect for your bedroom but also make stunning decorative accents for your living room. Each piece is lovingly handmade in India by skilled artisans who pour their heart and soul into every stitch.

1. Artisan-Made: Each cushion cover is handspun and handwoven by talented Indian artisans.
2. Perfect Size: We have different cushion cover, offering versatility for a variety of settings.
3. Quality Fabric: Made from luxurious cotton for durability and comfort.
4. Convenient Design: Features an envelope-style closure for easy access and a polished look.
5. Easy Care: Simply hand or machine wash in cold water at temperatures below 30°C to keep it looking fresh and vibrant.
6. Unique Patterns: The position of the stripes may vary depending on the size, adding a unique touch to each cover.
Care Instructions: For the best results, machine wash in cold water (<30°C) and avoid bleach.

Transform your space with our exquisite handmade cushion cover, where quality meets artistry, and make a statement in your home today! | Color: Beige | Eco Friendly | Sustainable | Handcrafted | Made in India,Colour Base – Off white,Extra weft – Black and Off- white,Base fabric (front and back) – Organic Cotton.,Colour Base – Off white Extra weft – Black and Off- white Base fabric (front and back) – Organic Cotton. Handwoven Organic Cotton cover with cotton laces on edges and beautiful tassels for the embellishments.
This is a handwoven fabric that is made on handlooms. It is Organic cotton also known as Kala Cotton.",,,,,https://www.vanchai.in/product-page/stripped-organic-cotton-cushion-cover-14-x-35,,1999.0,DECORATIVE_PILLOW_COVER,,
MN0051,"Vanchai Striped Handspun Handwoven Cotton Cushion Cover (1, Stripped Blue, 18""X18"")",,"Handmade Materials: Handspun Cotton Transform your space with our beautifully crafted striped cushion cover, which effortlessly blends rustic charm with modern elegance. Made from premium, high-quality cotton that has been pre-washed and softened, these pillowcases are perfect for adding a touch of style to both your bedroom and living room decor. Every piece is lovingly handmade in India by skilled artisans who pour their heart and soul into each detail. 1. Artisan-Crafted: Handspun and handwoven by talented Indian artisans. 2. Perfect Size: Available in a size of 18X18 inches. 3. Quality Fabric: Made from 100% cotton for a soft, inviting feel. 4. Convenient Design: Features an envelope-style closure for easy use. 5. Easy Care: Simply hand or machine wash in cold water (under 30°C) to maintain its beauty. 6. Unique Stripes: The striking stripe pattern varies by size, adding a distinctive touch to your decor. Care Instructions: Machine wash in cold water (below 30°C). Avoid bleach to preserve its vibrant appearance. Elevate your home with this exquisite cushion cover—crafted with love, designed to impress! | Color: Stripped Blue | Handspun Cotton Cushion,,,,",,,,,https://www.vanchai.in/product-page/striped-handspun-handwoven-cotton-cushion-cover,,1999.0,DECORATIVE_PILLOW_COVER,,
MN0052,"Vanchai Striped Handspun Handwoven Cotton Cushion Cover (1, Stripped Aqua Blue, 18""X18"")",,"Handmade Materials: Handspun Cotton Transform your space with our beautifully crafted striped cushion cover, which effortlessly blends rustic charm with modern elegance. Made from premium, high-quality cotton that has been pre-washed and softened, these pillowcases are perfect for adding a touch of style to both your bedroom and living room decor. Every piece is lovingly handmade in India by skilled artisans who pour their heart and soul into each detail. 1. Artisan-Crafted: Handspun and handwoven by talented Indian artisans. 2. Perfect Size: Available in a size of 18X18 inches. 3. Quality Fabric: Made from 100% cotton for a soft, inviting feel. 4. Convenient Design: Features an envelope-style closure for easy use. 5. Easy Care: Simply hand or machine wash in cold water (under 30°C) to maintain its beauty. 6. Unique Stripes: The striking stripe pattern varies by size, adding a distinctive touch to your decor. Care Instructions: Machine wash in cold water (below 30°C). Avoid bleach to preserve its vibrant appearance. Elevate your home with this exquisite cushion cover—crafted with love, designed to impress! | Color: Stripped Aqua Blue | Handspun Cotton Cushion,,,,",,,,,https://www.vanchai.in/product-page/striped-red-handspun-handwoven-cotton-cushion-cover,,1999.0,DECORATIVE_PILLOW_COVER,,
MN0053,"Striped Handspun Handwoven Cotton Cushion Cover (1, Off White and Red, 14""X35"")",,"Handmade Materials: Handspun Cotton Transform your space with our beautifully crafted striped cushion cover, which effortlessly blends rustic charm with modern elegance. Made from premium, high-quality cotton that has been pre-washed and softened, these pillowcases are perfect for adding a touch of style to both your bedroom and living room decor. Every piece is lovingly handmade in India by skilled artisans who pour their heart and soul into each detail. 1. Artisan-Crafted: Handspun and handwoven by talented Indian artisans. 2. Perfect Size: Available in a size of 18X18 inches. 3. Quality Fabric: Made from 100% cotton for a soft, inviting feel. 4. Convenient Design: Features an envelope-style closure for easy use. 5. Easy Care: Simply hand or machine wash in cold water (under 30°C) to maintain its beauty. 6. Unique Stripes: The striking stripe pattern varies by size, adding a distinctive touch to your decor. Care Instructions: Machine wash in cold water (below 30°C). Avoid bleach to preserve its vibrant appearance. Elevate your home with this exquisite cushion cover—crafted with love, designed to impress! | Color: Off White and Red Stripped | Handspun Cotton Cushion,,,,",,,,,https://www.vanchai.in/product-page/rustis-yellow-handspun-handwoven-cotton-lumbar-cushion-cover-14-x28,,1999.0,DECORATIVE_PILLOW_COVER,,
MN0054,"Vanchai Striped Handspun Handwoven Cotton Cushion Cover (1, Off White and Blue, 18""X18"")",,"Handmade Materials: Handspun Cotton Transform your space with our beautifully crafted striped cushion cover, which effortlessly blends rustic charm with modern elegance. Made from premium, high-quality cotton that has been pre-washed and softened, these pillowcases are perfect for adding a touch of style to both your bedroom and living room decor. Every piece is lovingly handmade in India by skilled artisans who pour their heart and soul into each detail. 1. Artisan-Crafted: Handspun and handwoven by talented Indian artisans. 2. Perfect Size: Available in a size of 18X18 inches. 3. Quality Fabric: Made from 100% cotton for a soft, inviting feel. 4. Convenient Design: Features an envelope-style closure for easy use. 5. Easy Care: Simply hand or machine wash in cold water (under 30°C) to maintain its beauty. 6. Unique Stripes: The striking stripe pattern varies by size, adding a distinctive touch to your decor. Care Instructions: Machine wash in cold water (below 30°C). Avoid bleach to preserve its vibrant appearance. Elevate your home with this exquisite cushion cover—crafted with love, designed to impress! | Color: Off White And Blue | Handspun Cotton Cushion,1. Artisan-Crafted: Handspun and handwoven by talented Indian artisans.,2. Perfect Size: Available in different sizes.,3. Quality Fabric: Made from 100% cotton for an inviting feel.,1. Artisan-Crafted: Handspun and handwoven by talented Indian artisans. 2. Perfect Size: Available in different sizes. 3. Quality Fabric: Made from 100% cotton for an inviting feel. 4. Convenient Design: Features an envelope-style closure for easy use.",,,,,https://www.vanchai.in/product-page/striped-aqua-handspun-handwoven-cotton-cushion-cover,,1999.0,DECORATIVE_PILLOW_COVER,,
MN0055,"Striped Handspun Handwoven Cotton Cushion Cover (1, Off White and Red, 14""X24"")",,"Handmade Materials: Handspun Cotton Transform your space with our beautifully crafted striped cushion cover, which effortlessly blends rustic charm with modern elegance. Made from premium, high-quality cotton that has been pre-washed and softened, these pillowcases are perfect for adding a touch of style to both your bedroom and living room decor. Every piece is lovingly handmade in India by skilled artisans who pour their heart and soul into each detail. 1. Artisan-Crafted: Handspun and handwoven by talented Indian artisans. 2. Perfect Size: Available in a size of 18X18 inches. 3. Quality Fabric: Made from 100% cotton for a soft, inviting feel. 4. Convenient Design: Features an envelope-style closure for easy use. 5. Easy Care: Simply hand or machine wash in cold water (under 30°C) to maintain its beauty. 6. Unique Stripes: The striking stripe pattern varies by size, adding a distinctive touch to your decor. Care Instructions: Machine wash in cold water (below 30°C). Avoid bleach to preserve its vibrant appearance. Elevate your home with this exquisite cushion cover—crafted with love, designed to impress! | Color: Stripped Off White and Red | Handspun Cotton Cushion,,,,",,,,,https://www.vanchai.in/product-page/rustis-blue-handspun-handwoven-cotton-lumbar-cushion-cover-14-x28,,1999.0,DECORATIVE_PILLOW_COVER,,
MN0056,"Vanchai Striped Handspun Handwoven Cotton Cushion Cover (1, Off White and Blue, 14""X35"")",,"Handmade Materials: Handspun Cotton Transform your space with our beautifully crafted striped cushion cover, which effortlessly blends rustic charm with modern elegance. Made from premium, high-quality cotton that has been pre-washed and softened, these pillowcases are perfect for adding a touch of style to both your bedroom and living room decor. Every piece is lovingly handmade in India by skilled artisans who pour their heart and soul into each detail. 1. Artisan-Crafted: Handspun and handwoven by talented Indian artisans. 2. Perfect Size: Available in a size of 18X18 inches. 3. Quality Fabric: Made from 100% cotton for a soft, inviting feel. 4. Convenient Design: Features an envelope-style closure for easy use. 5. Easy Care: Simply hand or machine wash in cold water (under 30°C) to maintain its beauty. 6. Unique Stripes: The striking stripe pattern varies by size, adding a distinctive touch to your decor. Care Instructions: Machine wash in cold water (below 30°C). Avoid bleach to preserve its vibrant appearance. Elevate your home with this exquisite cushion cover—crafted with love, designed to impress! | Color: Off White and Blue | ,,,,",,,,,https://www.vanchai.in/product-page/rustis-red-handspun-handwoven-cotton-lumbar-cushion-cover-12-x20,,1999.0,DECORATIVE_PILLOW_COVER,,
MN0057,"Vanchai Striped Handspun Handwoven Cotton Cushion Cover (1, Off White and Yellow Stripped)",,"Handmade Materials: Handspun Cotton Transform your space with our beautifully crafted striped cushion cover, which effortlessly blends rustic charm with modern elegance. Made from premium, high-quality cotton that has been pre-washed and softened, these pillowcases are perfect for adding a touch of style to both your bedroom and living room decor. Every piece is lovingly handmade in India by skilled artisans who pour their heart and soul into each detail. 1. Artisan-Crafted: Handspun and handwoven by talented Indian artisans. 2. Perfect Size: Available in a size of 18X18 inches. 3. Quality Fabric: Made from 100% cotton for a soft, inviting feel. 4. Convenient Design: Features an envelope-style closure for easy use. 5. Easy Care: Simply hand or machine wash in cold water (under 30°C) to maintain its beauty. 6. Unique Stripes: The striking stripe pattern varies by size, adding a distinctive touch to your decor. Care Instructions: Machine wash in cold water (below 30°C). Avoid bleach to preserve its vibrant appearance. Elevate your home with this exquisite cushion cover—crafted with love, designed to impress! | Color: Off white and Yellow Stripped | Handmade Materials: Handspun Cotton Transform your space with our beautifully crafted striped cushion cover, which effortlessly blends rustic charm with modern elegance. Made from premium, high-quality cotton that has been pre-washed and softened, these pillowcases are perfect for adding a touch of style to both your bedroom and living room decor. Every piece is lovingly handmade in India by skilled artisans who pour their heart and soul into each detail.,1. Artisan-Crafted: Handspun and handwoven by talented Indian artisans.,2. Perfect Size: Available in different sizes.,3. Quality Fabric: Made from 100% cotton for an inviting feel.,1. Artisan-Crafted: Handspun and handwoven by talented Indian artisans. 2. Perfect Size: Available in different sizes. 3. Quality Fabric: Made from 100% cotton for an inviting feel. 4. Convenient Design: Features an envelope-style closure for easy use.",,,,,https://www.vanchai.in/product-page/striped-blue-handspun-handwoven-cotton-cushion-cover-18-x18,,1999.0,DECORATIVE_PILLOW_COVER,,
MN0010,"Bhujodi Kala Cotton Multi Design Black and Off-White Antique Organic Cotton Square Cushion Cover (Sustainable Cotton (20""x20""), 1)",,"Discover the Charm of Handmade Materials: Luxurious Handspun Cotton

Elevate your living space with our beautifully designed striped cushion cover, which seamlessly blends rustic charm with modern elegance. Crafted from premium, pre-washed, and softened cotton, our pillowcases are not only perfect for your bedroom but also make stunning decorative accents for your living room. Each piece is lovingly handmade in India by skilled artisans who pour their heart and soul into every stitch.

1. Artisan-Made: Each cushion cover is handspun and handwoven by talented Indian artisans.
2. Perfect Size: This cushion cover measures 18X18 inches, offering versatility for a variety of settings.
3. Quality Fabric: Made from luxurious cotton for durability and comfort.
4. Convenient Design: Features an envelope-style closure for easy access and a polished look.
5. Easy Care: Simply hand or machine wash in cold water at temperatures below 30°C to keep it looking fresh and vibrant.
6. Unique Patterns: The position of the stripes may vary depending on the size, adding a unique touch to each cover.
Care Instructions: For the best results, machine wash in cold water (<30°C) and avoid bleach.

Transform your space with our exquisite handmade cushion cover, where quality meets artistry, and make a statement in your home today! | Color: Off white | Eco Friendly | Sustainable | Handcrafted | Made in India,Colour Base – Off white,Extra weft – Black and Off- white,Base fabric (front and back) – Organic Cotton.,Colour Base – Off white Extra weft – Black and Off- white Base fabric (front and back) – Organic Cotton. Handwoven Organic Cotton cover with cotton laces on edges and beautiful tassels for the embellishments.
This is a handwoven fabric that is made on handlooms. It is Organic cotton also known as Kala Cotton.",,https://www.amazon.in/dp/B0F8RFVTQG,,,https://www.vanchai.in/product-page/black-and-off-white-antique-organic-cotton-cushion-cover-l-20-x-w-20-1,,2999.0,DECORATIVE_PILLOW_COVER,,
CC-ELVM-WEAJ,Boho Set Mini Dried Flower Bouquets | Small Bottle Arrangements | Table Decorations | Letter Box Gifts | Artificial Crochet Flower Bouquet/Artificial Flowers Bunch/ flowers bouquet,,"Boho Mini Dried Flower Bouquet – Small Bottle Arrangement | Sustainable Letter Box Gift | Table Decor
Dimensions: Approx. 7 inches (length) x 2 inches (width)
Note: Each mini bouquet is sold individually, not as a complete set.

Add a touch of boho charm to any space with our Mini Dried Flower Bouquets—a thoughtful gift or décor piece made from sustainably sourced and carefully preserved blooms. These petite arrangements are perfect for:

Table decorations

Wedding favors

Party centerpieces

Birthday surprises

Mother’s Day gifts

Letter box gifts & more

Each bouquet is handcrafted with love, featuring unique natural textures and soft earthy tones. While no two are exactly alike, every bouquet maintains the same carefully curated aesthetic.

🌿 Eco-Friendly & Long-Lasting
Our flowers are naturally dried and preserved to maintain beauty for years with minimal care.

💌 Perfect for Gifting
Beautifully packed for easy gifting or posting.

📦 Wholesale & Custom Orders Welcome
Looking for bulk orders or custom arrangements? We’re happy to create something special for you.

Please Note:
Due to the delicate nature of dried florals, some shedding may occur. Handle gently and store away from moisture and direct sunlight to preserve longevity.

❤️ We're here to help! Contact us for questions or special requests—we want you to love your bouquet as much as we loved making it.

Mini Dried Flower Bouquet
A touch of timeless natural elegance.

Please do not unfasten the thread — your bouquet is artistically arranged and ready to display.

Upon arrival, place it under gentle sunlight for 10 minutes to restore its natural fluff and grace.

Crafted from authentic pampas, slight feather shedding is a natural characteristic. 

To preserve its form, lightly mist with hair spray if needed.

Avoid exposure to strong air currents or direct fan breeze.

Perfect for adding a refined, aesthetic charm to your space — a piece inspired by nature and minimal luxury. | Color: Natural | Handcrafted Mini Bouquet
Each bouquet is approx. 7"" long x 2"" wide – perfect for small vases, bottle arrangements, and table styling.,Sustainably Made
Created using natural, dried, and preserved flowers that are eco-friendly and long-lasting.,Ideal for Gifting
Great for weddings, birthdays, parties, Mother’s Day, letterbox gifts, and more.,Each Piece is Unique
As a natural product, each bouquet may vary slightly in shape and color but always maintains a beautiful boho aesthetic.,Sustainably Made
Created using natural, dried, and preserved flowers that are eco-friendly and long-lasting. Ideal for Gifting
Great for weddings, birthdays, parties, Mother’s Day, letterbox gifts, and more. Each Piece is Unique
As a natural product, each bouquet may vary slightly in shape and color but always maintains a beautiful boho aesthetic. Sold Individually
Please note: Bouquets are sold separately and not as a set.",,https://www.amazon.in/dp/B0FJ68BC4Y?th=1,,https://www.nykaafashion.com/vanchai-boho-set-mini-natural-tan-dried-flower-bouquets/p/25938663,,,,DRIED_PLANT,,
DL0001,"Vanchai Off White Natural Dried Palm Leaf, Natural Dried Palm Fans, Dried Leaf Decor for Vase, Set of 5",,"Natural Palm Leaf 15""- Set of 5 | Color: Natural | Bring a touch of the coastal decor into your home or event with these preserved palms!,Forever Lasting Sun Natural Palm Spears for Home Decor, Natural Dried Exotic Palm Spheres for boho decor, Dried Floral Tropical Wedding,,These beautiful FOREVER LASTING Dried Palms are a perfect statement piece for your home decor, or boho chic event.,Because it is an ornament, This item is not accepted for return.,Forever Lasting Sun Natural Palm Spears for Home Decor, Natural Dried Exotic Palm Spheres for boho decor, Dried Floral Tropical Wedding, These beautiful FOREVER LASTING Dried Palms are a perfect statement piece for your home decor, or boho chic event. Because it is an ornament, This item is not accepted for return.",,,,,https://www.vanchai.in/product-page/natural-palm-leaf-15-set-of-5,,1699.0,DRIED_PLANT,,
DL0007,"Vanchai Natural Dried Pine Cones 4 Pieces Pinecone On Sticks / stem - 6 Inch Pinecones with 12"" Stick for Home, Party, Office, Table , Vase Fillers (Lotus Pod - Pack of 4)",,"Natural Dried Pine Cones 4 Pieces Pinecone On Sticks/stem - 6 Inch Pinecones with 12"" Stick for Home, Party, Office, Bedroom, Table, Vase Fillers, Christmas Tree Decoration | Color: Natural | FLOWER ARRANGEMENT SUPPLIES - The natural pine cones are suitable to applied for flower arrangement, arrange flowers in a vase or a bouquet with several pine cone sticks, making the bouquet look more natural and fresh.,PINE CONE ON STICK 100% NATURAL - Each bunch of dry pine cone is 100% natural and eco-friendly.,100% Natural,0% Plastic & Acrylic,PINE CONE ON STICK 100% NATURAL - Each bunch of dry pine cone is 100% natural and eco-friendly. 100% Natural 0% Plastic & Acrylic Bio-degradable",,,,,https://www.vanchai.in/product-page/lotus-pod-24-set-of-4,,999.0,DRIED_PLANT,,
DL0010,"Vanchai Natural Dried Pine Cones 4 Pieces Pinecone On Sticks / stem - 6 Inch Pinecones with 12"" Stick for Home, Party, Office, Table , Vase Fillers (Tail Cylinder - Pack of 5)",,"Natural Dried Pine Cones 4 Pieces Pinecone On Sticks/stem - 6 Inch Pinecones with 12"" Stick for Home, Party, Office, Bedroom, Table, Vase Fillers, Christmas Tree Decoration | Color: Natural | FLOWER ARRANGEMENT SUPPLIES - The natural pine cones are suitable to applied for flower arrangement, arrange flowers in a vase or a bouquet with several pine cone sticks, making the bouquet look more natural and fresh.,PINE CONE ON STICK 100% NATURAL - Each bunch of dry pine cone is 100% natural and eco-friendly.,100% Natural,Craft of Forest Mushroom, Forest dried pine stem & seeds, Dried Palm waste, Palm Sticks, Lotus seed.,PINE CONE ON STICK 100% NATURAL - Each bunch of dry pine cone is 100% natural and eco-friendly. 100% Natural Craft of Forest Mushroom, Forest dried pine stem & seeds, Dried Palm waste, Palm Sticks, Lotus seed. 0% Plastic & Acrylic",,,,,https://www.vanchai.in/product-page/natural-tail-cone-set-of-5,,999.0,DRIED_PLANT,,
DL001A,"Vanchai Off White Natural Dried Palm Leaf, Natural Dried Palm Fans, Dried Palm Leaves for Vase, Set of 5 (Set of 5)",,"Natural Palm Leaf 15""- Set of 5 | Color: Natural | Bring a touch of the coastal decor into your home or event with these preserved palms!,Forever Lasting Sun Natural Palm Spears for Home Decor, Natural Dried Exotic Palm Spheres for boho decor, Dried Floral Tropical Wedding,,These beautiful FOREVER LASTING Dried Palms are a perfect statement piece for your home decor, or boho chic event.,Because it is an ornament, This item is not accepted for return.,Forever Lasting Sun Natural Palm Spears for Home Decor, Natural Dried Exotic Palm Spheres for boho decor, Dried Floral Tropical Wedding, These beautiful FOREVER LASTING Dried Palms are a perfect statement piece for your home decor, or boho chic event. Because it is an ornament, This item is not accepted for return.",,,,,https://www.vanchai.in/product-page/palm-leaf-15-set-of-10,,1099.0,DRIED_PLANT,,
DL0023,"Vanchai Natural Dried Pine Cones 4 Pieces Pinecone On Sticks / stem - 6 Inch Pinecones with 12"" Stick for Home, Party, Office, Table , Vase Fillers (Palm Ring - Pack of 4)",,"Natural Dried Pine Cones 4 Pieces Pinecone On Sticks/stem - 6 Inch Pinecones with 12"" Stick for Home, Party, Office, Bedroom, Table, Vase Fillers, Christmas Tree Decoration | Color: Natural | FLOWER ARRANGEMENT SUPPLIES - The natural pine cones are suitable to applied for flower arrangement, arrange flowers in a vase or a bouquet with several pine cone sticks, making the bouquet look more natural and fresh.,PINE CONE ON STICK 100% NATURAL - Each bunch of dry pine cone is 100% natural and eco-friendly.,100% Natural,Craft of Forest Mushroom, Forest dried pine stem & seeds, Dried Palm waste, Palm Sticks, Lotus seed.,PINE CONE ON STICK 100% NATURAL - Each bunch of dry pine cone is 100% natural and eco-friendly. 100% Natural Craft of Forest Mushroom, Forest dried pine stem & seeds, Dried Palm waste, Palm Sticks, Lotus seed. 0% Plastic & Acrylic",,,,,https://www.vanchai.in/product-page/vanchai-palm-ring-27-set-of-4,,999.0,DRIED_PLANT,,
DL0024-10,"Vanchai Natural Dried Off White Pampas Grass 42?/3.5 Feet Tall Dried Flowers Bunch Fluffy Grass, Vase Filler for Home Decor,Office,Table Corner Decoration- White Set of 3 (10)",,"You have found the fluffiest pampas grass! Our pampas grass is handpicked in the Rural villages of India. Follow easy steps on the package to fluff your pampas grass and start decorating your home. Color - white pampas Measurements: Total length of about 4 ft or 48 inches | Plume (feather part) is 25-30 inches Quantity: naturally preserved pampas grass stems! These are just adorable and the perfect decoration for any space. Perfect for weddings and wedding arrangements too! Create a simple yet beautiful floor vase arrangement for your home with this soft & fluffy dried pampas grass. If you are buying in bulk, Instructions & Care — Please remove them carefully from the box or shipping tube and allow them a few days to recover their normal fluffiness. Before use, put pampas under the sun for 3-5 hours to get a fluffy effect as they can lose fluffiness in the shipping process. Pampas expand under the sun and over time will only get fluffier! ☼ Keep dry and do not worry about shedding- this is normal, expected, and will not change the look or shape of the plumes. Shedding will be minimal once you place it in a vase. Trim carefully. This pampas is for indoor and outdoor use. Before purchasing please acknowledge: Due to the nature of dried botanicals pampas may be shed. This is a natural dried plant and when placed in a vase won't shed. Each bundle is unique and colour & size may vary. However, we will pick the best pampas bunch for you. How to prevent shedding: — Please note - if you place your pampas grass in a low-traffic area this step is not required and you don't need to do anything to prevent shedding. When pampas are not disturbed they will not shed. To help with shedding, first, arrange them in your favourite vase and then use a mist of strong-hold hairspray (this gives a slightly wet look, so please test first to make sure | Color: white | You have found the fluffiest pampas grass! Our pampas grass is handpicked in the Rural villages of India.,3 heads/stems per bunch.,Natural Pampas Grass. Sourced From Field of India.,You have found the fluffiest pampas grass! Our pampas grass is handpicked in the Rural villages of India. Follow easy steps on the package to fluff your pampas grass and start decorating your home. Color - white pampas Measurements: Total length of about 4 ft or 48 inches.,3 heads/stems per bunch. Natural Pampas Grass. Sourced From Field of India. You have found the fluffiest pampas grass! Our pampas grass is handpicked in the Rural villages of India. Follow easy steps on the package to fluff your pampas grass and start decorating your home. Color - white pampas Measurements: Total length of about 4 ft or 48 inches. These are just adorable and the perfect decoration for any space. Perfect for weddings and wedding arrangements too! Create a simple yet beautiful floor vase arrangement for your home with this soft & fluffy dried pampas grass.",,https://www.amazon.in/dp/B0CV8K4MGT?th=1,,,,,1999.0,DRIED_PLANT,,
DL0024,"Vanchai Grey Pampas Grass, Large Light Coloured, Dry Reeds Plumes, 25 Stems",,"This large dried grey grass looks so natural and beautiful in any decor! You can use this large dried grass as a tall vase filler. Dried grass is also often used in dried wild bouquets, countryside wedding decor, wildflower wedding bouquets and more! These large dried stems are great for tall wedding centrepieces or as large wedding flowers decoration! Reed Plume grass with beautiful full and large heads/plumes and tall stalks. Very similar to Pampas Grass. ・ large heads/plumes/flowers - 20-25cm (10-12"") long ・ tall stems (the total height of the plant is 50-55cm Beautiful and all neutral flowers bouquet. Dried colourful flowers composition that will make your life happier all year round! Bright and lovely home decor or centrepiece, wedding or any party decor for vase, wall. Pretty gift for someone. Actual colour may vary. This is due to computer monitors displaying colours differently and everyone can see these colours differently. Count 1 of items means 1 bouquet, 2 means 2 bouquets etc. One of a kind, the symbol of beauty will look simply beautiful on your wedding day and even for your decorations. | Color: Natural | 100% Organic,25 heads/stems per bunch.,Sustainable,Biodegradable,25 heads/stems per bunch. Sustainable Biodegradable DIY Craft",,,https://www.myntra.com/artificial-flowers-and-plants/vanchai/vanchai-beige-pampas-5-pcs-artificial-flower/37872669/buy,https://www.nykaafashion.com/vanchai-beige-pack-of-5-natural-dried-pampas-grass-25-feet-tall-vase-filler-for-home-decor/p/22866328,https://www.vanchai.in/product-page/pampas-grass-large-light-coloured-dry-reeds-plumes,,2999.0,DRIED_PLANT,,
DL0029,"Vanchai Natural Dried Pine Cones 4 Pieces Pinecone On Sticks / stem - 6 Inch Pinecones with 12"" Stick for Home, Party, Office, Table , Vase Fillers (TAAL Flower Set of 4)",,"Natural Dried Pine Cones 4 Pieces Pinecone On Sticks/stem - 6 Inch Pinecones with 12"" Stick for Home, Party, Office, Bedroom, Table, Vase Fillers, Christmas Tree Decoration | Color: Natural | FLOWER ARRANGEMENT SUPPLIES - The natural pine cones are suitable to applied for flower arrangement, arrange flowers in a vase or a bouquet with several pine cone sticks, making the bouquet look more natural and fresh.,PINE CONE ON STICK 100% NATURAL - Each bunch of dry pine cone is 100% natural and eco-friendly.,100% Natural,Craft of Forest Mushroom, Forest dried pine stem & seeds, Dried Palm waste, Palm Sticks, Lotus seed.,PINE CONE ON STICK 100% NATURAL - Each bunch of dry pine cone is 100% natural and eco-friendly. 100% Natural Craft of Forest Mushroom, Forest dried pine stem & seeds, Dried Palm waste, Palm Sticks, Lotus seed. 0% Plastic & Acrylic",,,,,https://www.vanchai.in/product-page/copy-of-lotus-pod-24-set-of-4,,999.0,DRIED_PLANT,,
DL0032,"Vanchai Natural Dried Pine Cones 4 Pieces Pinecone On Sticks / stem - 6 Inch Pinecones with 12"" Stick for Home, Party, Office, Table , Vase Fillers (Tail Cone - Pack of 5)",,"Natural Dried Pine Cones 4 Pieces Pinecone On Sticks/stem - 6 Inch Pinecones with 12"" Stick for Home, Party, Office, Bedroom, Table, Vase Fillers, Christmas Tree Decoration | Color: Natural | FLOWER ARRANGEMENT SUPPLIES - The natural pine cones are suitable to applied for flower arrangement, arrange flowers in a vase or a bouquet with several pine cone sticks, making the bouquet look more natural and fresh.,PINE CONE ON STICK 100% NATURAL - Each bunch of dry pine cone is 100% natural and eco-friendly.,100% Natural,Craft of Forest Mushroom, Forest dried pine stem & seeds, Dried Palm waste, Palm Sticks, Lotus seed.,PINE CONE ON STICK 100% NATURAL - Each bunch of dry pine cone is 100% natural and eco-friendly. 100% Natural Craft of Forest Mushroom, Forest dried pine stem & seeds, Dried Palm waste, Palm Sticks, Lotus seed. 0% Plastic & Acrylic",,,,,https://www.vanchai.in/product-page/natural-tail-cylinder-set-of-5,,999.0,DRIED_PLANT,,
DL0038,"Vanchai Natural Dried Pine Cones 4 Pieces Pinecone On Sticks / stem - 6 Inch Pinecones with 12"" Stick for Home, Party, Office, Table , Vase Fillers (wheat Shaeves - 25 Stems)",,"Natural Dried Pine Cones 4 Pieces Pinecone On Sticks/stem - 6 Inch Pinecones with 12"" Stick for Home, Party, Office, Bedroom, Table, Vase Fillers, Christmas Tree Decoration | Color: Natural | FLOWER ARRANGEMENT SUPPLIES - The natural pine cones are suitable to applied for flower arrangement, arrange flowers in a vase or a bouquet with several pine cone sticks, making the bouquet look more natural and fresh.,PINE CONE ON STICK 100% NATURAL - Each bunch of dry pine cone is 100% natural and eco-friendly.,100% Natural,Craft of Forest Mushroom, Forest dried pine stem & seeds, Dried Palm waste, Palm Sticks, Lotus seed.,PINE CONE ON STICK 100% NATURAL - Each bunch of dry pine cone is 100% natural and eco-friendly. 100% Natural Craft of Forest Mushroom, Forest dried pine stem & seeds, Dried Palm waste, Palm Sticks, Lotus seed. 0% Plastic & Acrylic",,,,,https://www.vanchai.in/product-page/bunch-rustic-wheat-sheave-25-stems,,999.0,DRIED_PLANT,,
DL0042,"Vanchai 5 STEM 30"" Long Real Dried White Curly Willow Decor, Natural Wood Diffuser Stems Stick for Vase,Natural Decor for Home, Office, Living Room, Wedding, Party, DIY Crafts, Modern Decorations",,"Each STEM 30"" LONG Real white curly Willow decor dried Willow, Stems, and Sticks. floral arrangement table decor home office decor dried branch Size: about 30 inches in length 
Are you wondering why you should get a bundle of willow branches? 
Are you also tired of going through the stress of changing flowers every week? 
The good news is that curly willow branches do not die like flowers. The curly willow branches exist almost forever as any wood. The curly willow branches are carefully hand-cut in eco forests to achieve utterly and highly creative adorable decorations. The curly willow branch is a fresh and modern decoration style for your kitchen or table at the meeting room, hotel, office, and wedding events. The curly willow branches are made of organic wood materials and not mere plastics. The curly willow branches fit perfectly for table decorations to give a unique view of your space. | Natural Stem,Sustainable,Bio Degradable,Lightweight Stem,Sustainable Bio Degradable Lightweight Stem Durable",,,,,https://www.vanchai.in/product-page/vanchai-5-stem-30-long-real-white-curly-willow-decor-dried-willow-stems-stick,,1599.0,DRIED_PLANT,,
DL0055,"Vanchai Decor Dried Pampas Grass Sun Wall Decor for Home | Office | Living Room | Gift | Modern Decoration Items | Living Space Wall Decor |West Bengal Culture Home Decor Hanging Items, Set of 1",,"PAMPAS GRASS SUN Decor Boho Sun Wall Art Large Sun Wall Decor Over The Bed Boho Wall Decor Boho Home Decor Boho Chic Wall Art Boho Wall Art Handmade Materials: Pampas Grass, Natural Brown Pampas Grass, Jute Sun Ripple Board When the bouquet arrives, it tends to get compressed. To fluff, please leave them in the sun's warmth, or next to a heated vent. With a pampas wreath, there is a natural shedding phenomenon. To prevent shedding, we recommend putting on a light coat of hairspray. VERSATILE DECORATION: This boho decor bedroom piece has a trendy room decor feel that can be used in your nursery, laundry, or bathroom. NATURAL MATERIALS: These real pampas reeds are fresh and not artificial. The wood that holds the wreath is also real which makes these earthy accents bring country side into your home. Dimension- 25"" x 45"" | Color: BROWN | Materials: Pampas Grass, Natural Brown Pampas Grass, Jute Sun Ripple Board,Natural Pampas Grass. Sourced From Field of India.,Natural Pampas Grass. Sourced From Field of India.,,Natural Pampas Grass. Sourced From Field of India. Natural Pampas Grass. Sourced From Field of India.",,,,,https://www.vanchai.in/product-page/big-palm-leaf-set-of-2,,2999.0,DRIED_PLANT,,
DL0056,Vanchai Decor Dried Pampas Grass Sun Wall Decor for Home | Office | Living Room | Gift | Modern Decoration Items | Living Space Wall Decor (DL0056),,"PAMPAS GRASS SUN Decor Boho Sun Wall Art Large Sun Wall Decor Over The Bed Boho Wall Decor Boho Home Decor Boho Chic Wall Art Boho Wall Art Handmade Materials: Pampas Grass, Natural Brown Pampas Grass, Jute Sun Ripple Board When the bouquet arrives, it tends to get compressed. To fluff, please leave them in the sun's warmth, or next to a heated vent. With a pampas wreath, there is a natural shedding phenomenon. To prevent shedding, we recommend putting on a light coat of hairspray. VERSATILE DECORATION: This boho decor bedroom piece has a trendy room decor feel that can be used in your nursery, laundry, or bathroom. NATURAL MATERIALS: These real pampas reeds are fresh and not artificial. The wood that holds the wreath is also real which makes these earthy accents bring country side into your home. Dimension- 25"" x 45"" | Color: BROWN | Materials: Pampas Grass, Natural Brown Pampas Grass, Jute Sun Ripple Board,Natural Pampas Grass. Sourced From Field of India.,Natural Pampas Grass. Sourced From Field of India.,,Natural Pampas Grass. Sourced From Field of India. Natural Pampas Grass. Sourced From Field of India.",,,,,https://www.vanchai.in/product-page/off-white-pampas-grass-sun-decor,,2999.0,DRIED_PLANT,,
DL0057,Vanchai Decor Dried Pampas Grass Sun Wall Decor for Home | Office | Living Room | Gift | Modern Decoration Items | Living Space Wall Decor (DL0057),,"PAMPAS GRASS SUN Decor Boho Sun Wall Art Large Sun Wall Decor Over The Bed Boho Wall Decor Boho Home Decor Boho Chic Wall Art Boho Wall Art Handmade Materials: Pampas Grass, Natural Brown Pampas Grass, Jute Sun Ripple Board When the bouquet arrives, it tends to get compressed. To fluff, please leave them in the sun's warmth, or next to a heated vent. With a pampas wreath, there is a natural shedding phenomenon. To prevent shedding, we recommend putting on a light coat of hairspray. VERSATILE DECORATION: This boho decor bedroom piece has a trendy room decor feel that can be used in your nursery, laundry, or bathroom. NATURAL MATERIALS: These real pampas reeds are fresh and not artificial. The wood that holds the wreath is also real which makes these earthy accents bring country side into your home. Dimension- 25"" x 45"" | Color: BROWN | Materials: Pampas Grass, Natural Brown Pampas Grass, Jute Sun Ripple Board,Natural Pampas Grass. Sourced From Field of India.,Natural Pampas Grass. Sourced From Field of India.,,Natural Pampas Grass. Sourced From Field of India. Natural Pampas Grass. Sourced From Field of India.",,,,,https://www.vanchai.in/product-page/willow-sun-decor,,2999.0,DRIED_PLANT,,
DL0071,"Vanchai Natural Dried Chambray Flower, Dried Chambray Sola Flower, Vase Filler for Home, Office, Bedroom, Table Corner Decoration, DIY Craft ? Set of 5 (Ombre Zinia Flower (5pcs))",,"Handmade flowers that are made from tapioca wood peel. It is a softwood. Sola wood- is an entirely natural product derived from the tapioca plant. Make bouquets, table number holders, and decorations. The blossoms measure 2.5"" wide and 12"" height. The flowers can be made into bouquets, used as table decorations, or in gift wrapping. Vanchai is a one-stop destination for all your dried & natural flowers, botanicals, exotics, potpourri, sola flowers, palm items, cane items & jute items. It is ethically sourced from the forests of India and kept as natural as possible. It can be used to decorate trays, food platters, vases, bouquets, bowls, wedding, arrangements, and events. Give your home a Floralis makeover by going natural. Set Of 5 | Color: Grey | Handmade flowers that are made from Sola,Naturally Dried,Handmade flowers that are made from tapioca wood peel. It is a softwood. Sola wood- is an entirely natural product derived from the tapioca plant. Make bouquets, table number holders, and decorations.,Make bouquets, table number holders, and decorations.,Naturally Dried Handmade flowers that are made from tapioca wood peel. It is a softwood. Sola wood- is an entirely natural product derived from the tapioca plant. Make bouquets, table number holders, and decorations. Make bouquets, table number holders, and decorations. The blossoms measure 2.5"" wide and 12"" height. The flowers can be made into bouquets, used as table decorations, or in gift wrapping.",,,,,https://www.vanchai.in/product-page/yellow-ombrey-zinnia-sola-flower-5pcs,,999.0,DRIED_PLANT,,
DL0072,"Vanchai Natural Dried Chambray Sola Flower, Dried Chambray Sola Flower, Vase Filler for Home, Office, Bedroom, Table Corner Decoration, DIY Craft ? Set of 5 (Strawberry Pink Sola Flower (5pcs))",,"Handmade flowers that are made from tapioca wood peel. It is a softwood. Sola wood- is an entirely natural product derived from the tapioca plant. Make bouquets, table number holders, and decorations. The blossoms measure 2.5"" wide and 12"" height. The flowers can be made into bouquets, used as table decorations, or in gift wrapping. Vanchai is a one-stop destination for all your dried & natural flowers, botanicals, exotics, potpourri, sola flowers, palm items, cane items & jute items. It is ethically sourced from the forests of India and kept as natural as possible. It can be used to decorate trays, food platters, vases, bouquets, bowls, wedding, arrangements, and events. Give your home a Floralis makeover by going natural. Set Of 5 | Color: Grey | Handmade flowers that are made from Sola,Naturally Dried,Handmade flowers that are made from tapioca wood peel. It is a softwood. Sola wood- is an entirely natural product derived from the tapioca plant. Make bouquets, table number holders, and decorations.,Make bouquets, table number holders, and decorations.,Naturally Dried Handmade flowers that are made from tapioca wood peel. It is a softwood. Sola wood- is an entirely natural product derived from the tapioca plant. Make bouquets, table number holders, and decorations. Make bouquets, table number holders, and decorations. The blossoms measure 2.5"" wide and 12"" height. The flowers can be made into bouquets, used as table decorations, or in gift wrapping.",,,,,https://www.vanchai.in/product-page/strawberry-pink-sola-flower-5pcs,,999.0,DRIED_PLANT,,
DL0073,"Vanchai Natural Dried Chambray Sola Flower, Dried Chambray Sola Flower, Vase Filler for Home, Office, Bedroom, Table Corner Decoration, DIY Craft ? Set of 5 (Grey Owl Sola Flower (5pcs))",,"Handmade flowers that are made from tapioca wood peel. It is a softwood. Sola wood- is an entirely natural product derived from the tapioca plant. Make bouquets, table number holders, and decorations. The blossoms measure 2.5"" wide and 12"" height. The flowers can be made into bouquets, used as table decorations, or in gift wrapping. Vanchai is a one-stop destination for all your dried & natural flowers, botanicals, exotics, potpourri, sola flowers, palm items, cane items & jute items. It is ethically sourced from the forests of India and kept as natural as possible. It can be used to decorate trays, food platters, vases, bouquets, bowls, wedding, arrangements, and events. Give your home a Floralis makeover by going natural. Set Of 5 | Color: Grey | Handmade flowers that are made from Sola,Naturally Dried,Handmade flowers that are made from tapioca wood peel. It is a softwood. Sola wood- is an entirely natural product derived from the tapioca plant. Make bouquets, table number holders, and decorations.,Make bouquets, table number holders, and decorations.,Naturally Dried Handmade flowers that are made from tapioca wood peel. It is a softwood. Sola wood- is an entirely natural product derived from the tapioca plant. Make bouquets, table number holders, and decorations. Make bouquets, table number holders, and decorations. The blossoms measure 2.5"" wide and 12"" height. The flowers can be made into bouquets, used as table decorations, or in gift wrapping.",,,,,https://www.vanchai.in/product-page/ombre-peach-sola-flower-5pcs,,999.0,DRIED_PLANT,,
DL0074,"Vanchai Natural Dried Chambray Sola Flower, Dried Chambray Sola Flower, Vase Filler for Home, Office, Bedroom, Table Corner Decoration, DIY Craft ? Set of 5 (Ombre Peach Sola Flower (5pcs))",,"Handmade flowers that are made from tapioca wood peel. It is a softwood. Sola wood- is an entirely natural product derived from the tapioca plant. Make bouquets, table number holders, and decorations. The blossoms measure 2.5"" wide and 12"" height. The flowers can be made into bouquets, used as table decorations, or in gift wrapping. Vanchai is a one-stop destination for all your dried & natural flowers, botanicals, exotics, potpourri, sola flowers, palm items, cane items & jute items. It is ethically sourced from the forests of India and kept as natural as possible. It can be used to decorate trays, food platters, vases, bouquets, bowls, wedding, arrangements, and events. Give your home a Floralis makeover by going natural. Set Of 5 | Color: Grey | Handmade flowers that are made from Sola,Naturally Dried,Handmade flowers that are made from tapioca wood peel. It is a softwood. Sola wood- is an entirely natural product derived from the tapioca plant. Make bouquets, table number holders, and decorations.,Make bouquets, table number holders, and decorations.,Naturally Dried Handmade flowers that are made from tapioca wood peel. It is a softwood. Sola wood- is an entirely natural product derived from the tapioca plant. Make bouquets, table number holders, and decorations. Make bouquets, table number holders, and decorations. The blossoms measure 2.5"" wide and 12"" height. The flowers can be made into bouquets, used as table decorations, or in gift wrapping.",,,,,https://www.vanchai.in/product-page/marigold-yellow-sola-flower-5pcs,,999.0,DRIED_PLANT,,
DL0076,"Vanchai Natural Dried Chambray Sola Flower, Dried Chambray Sola Flower, Vase Filler for Home, Office, Bedroom, Table Corner Decoration, DIY Craft ? Set of 5 (Damask Pink Sola Flower, (5pcs))",,"Handmade flowers that are made from tapioca wood peel. It is a softwood. Sola wood- is an entirely natural product derived from the tapioca plant. Make bouquets, table number holders, and decorations. The blossoms measure 2.5"" wide and 12"" height. The flowers can be made into bouquets, used as table decorations, or in gift wrapping. Vanchai is a one-stop destination for all your dried & natural flowers, botanicals, exotics, potpourri, sola flowers, palm items, cane items & jute items. It is ethically sourced from the forests of India and kept as natural as possible. It can be used to decorate trays, food platters, vases, bouquets, bowls, wedding, arrangements, and events. Give your home a Floralis makeover by going natural. Set Of 5 | Color: Grey | Handmade flowers that are made from Sola,Naturally Dried,Handmade flowers that are made from tapioca wood peel. It is a softwood. Sola wood- is an entirely natural product derived from the tapioca plant. Make bouquets, table number holders, and decorations.,Make bouquets, table number holders, and decorations.,Naturally Dried Handmade flowers that are made from tapioca wood peel. It is a softwood. Sola wood- is an entirely natural product derived from the tapioca plant. Make bouquets, table number holders, and decorations. Make bouquets, table number holders, and decorations. The blossoms measure 2.5"" wide and 12"" height. The flowers can be made into bouquets, used as table decorations, or in gift wrapping.",,,,,https://www.vanchai.in/product-page/damask-pink-sola-flower-5pcs,,999.0,DRIED_PLANT,,
DL0077,"Vanchai Natural Dried Chambray Sola Flower, Dried Chambray Sola Flower, Vase Filler for Home, Office, Bedroom, Table Corner Decoration, DIY Craft ? Set of 5 (Ombre Indigo Sola Flower (5pcs))",,"Handmade flowers that are made from tapioca wood peel. It is a softwood. Sola wood- is an entirely natural product derived from the tapioca plant. Make bouquets, table number holders, and decorations. The blossoms measure 2.5"" wide and 12"" height. The flowers can be made into bouquets, used as table decorations, or in gift wrapping. Vanchai is a one-stop destination for all your dried & natural flowers, botanicals, exotics, potpourri, sola flowers, palm items, cane items & jute items. It is ethically sourced from the forests of India and kept as natural as possible. It can be used to decorate trays, food platters, vases, bouquets, bowls, wedding, arrangements, and events. Give your home a Floralis makeover by going natural. Set Of 5 | Color: Grey | Handmade flowers that are made from Sola,Naturally Dried,Handmade flowers that are made from tapioca wood peel. It is a softwood. Sola wood- is an entirely natural product derived from the tapioca plant. Make bouquets, table number holders, and decorations.,Make bouquets, table number holders, and decorations.,Naturally Dried Handmade flowers that are made from tapioca wood peel. It is a softwood. Sola wood- is an entirely natural product derived from the tapioca plant. Make bouquets, table number holders, and decorations. Make bouquets, table number holders, and decorations. The blossoms measure 2.5"" wide and 12"" height. The flowers can be made into bouquets, used as table decorations, or in gift wrapping.",,,,,https://www.vanchai.in/product-page/ombre-indigo-sola-flower-5pcs,,999.0,DRIED_PLANT,,
DL0078,"Vanchai Natural Dried Chambray Sola Flower, Dried Chambray Sola Flower, Vase Filler for Home, Office, Bedroom, Table Corner Decoration, DIY Craft ? Set of 5 (Midnight Blue Sola Flower (5pcs))",,"Handmade flowers that are made from tapioca wood peel. It is a softwood. Sola wood- is an entirely natural product derived from the tapioca plant. Make bouquets, table number holders, and decorations. The blossoms measure 2.5"" wide and 12"" height. The flowers can be made into bouquets, used as table decorations, or in gift wrapping. Vanchai is a one-stop destination for all your dried & natural flowers, botanicals, exotics, potpourri, sola flowers, palm items, cane items & jute items. It is ethically sourced from the forests of India and kept as natural as possible. It can be used to decorate trays, food platters, vases, bouquets, bowls, wedding, arrangements, and events. Give your home a Floralis makeover by going natural. Set Of 5 | Color: Grey | Handmade flowers that are made from Sola,Naturally Dried,Handmade flowers that are made from tapioca wood peel. It is a softwood. Sola wood- is an entirely natural product derived from the tapioca plant. Make bouquets, table number holders, and decorations.,Make bouquets, table number holders, and decorations.,Naturally Dried Handmade flowers that are made from tapioca wood peel. It is a softwood. Sola wood- is an entirely natural product derived from the tapioca plant. Make bouquets, table number holders, and decorations. Make bouquets, table number holders, and decorations. The blossoms measure 2.5"" wide and 12"" height. The flowers can be made into bouquets, used as table decorations, or in gift wrapping.",,,,,https://www.vanchai.in/product-page/midnight-blue-sola-flower-5pcs,,999.0,DRIED_PLANT,,
DL0079,"Vanchai Natural Dried Chambray Sola Flower, Dried Chambray Sola Flower, Vase Filler for Home, Office, Bedroom, Table Corner Decoration, DIY Craft ? Set of 5 (Dried Indigo Peony Flower (5 Pcs))",,"Handmade flowers that are made from tapioca wood peel. It is a softwood. Sola wood- is an entirely natural product derived from the tapioca plant. Make bouquets, table number holders, and decorations. The blossoms measure 2.5"" wide and 12"" height. The flowers can be made into bouquets, used as table decorations, or in gift wrapping. Vanchai is a one-stop destination for all your dried & natural flowers, botanicals, exotics, potpourri, sola flowers, palm items, cane items & jute items. It is ethically sourced from the forests of India and kept as natural as possible. It can be used to decorate trays, food platters, vases, bouquets, bowls, wedding, arrangements, and events. Give your home a Floralis makeover by going natural. Set Of 5 | Color: Grey | Handmade flowers that are made from Sola,Naturally Dried,Handmade flowers that are made from tapioca wood peel. It is a softwood. Sola wood- is an entirely natural product derived from the tapioca plant. Make bouquets, table number holders, and decorations.,Make bouquets, table number holders, and decorations.,Naturally Dried Handmade flowers that are made from tapioca wood peel. It is a softwood. Sola wood- is an entirely natural product derived from the tapioca plant. Make bouquets, table number holders, and decorations. Make bouquets, table number holders, and decorations. The blossoms measure 2.5"" wide and 12"" height. The flowers can be made into bouquets, used as table decorations, or in gift wrapping.",,,,,https://www.vanchai.in/product-page/indigo-peonies-sola-flower-5pcs,,999.0,DRIED_PLANT,,
DL0080,"Vanchai Natural Dried Chambray Sola Flower, Dried Chambray Sola Flower, Vase Filler for Home, Office, Bedroom, Table Corner Decoration, DIY Craft ? Set of 5 (Fuscia Sola Flower, (5pcs))",,"Handmade flowers that are made from tapioca wood peel. It is a softwood. Sola wood- is an entirely natural product derived from the tapioca plant. Make bouquets, table number holders, and decorations. The blossoms measure 2.5"" wide and 12"" height. The flowers can be made into bouquets, used as table decorations, or in gift wrapping. Vanchai is a one-stop destination for all your dried & natural flowers, botanicals, exotics, potpourri, sola flowers, palm items, cane items & jute items. It is ethically sourced from the forests of India and kept as natural as possible. It can be used to decorate trays, food platters, vases, bouquets, bowls, wedding, arrangements, and events. Give your home a Floralis makeover by going natural. Set Of 5 | Color: Grey | Handmade flowers that are made from Sola,Naturally Dried,Handmade flowers that are made from tapioca wood peel. It is a softwood. Sola wood- is an entirely natural product derived from the tapioca plant. Make bouquets, table number holders, and decorations.,Make bouquets, table number holders, and decorations.,Naturally Dried Handmade flowers that are made from tapioca wood peel. It is a softwood. Sola wood- is an entirely natural product derived from the tapioca plant. Make bouquets, table number holders, and decorations. Make bouquets, table number holders, and decorations. The blossoms measure 2.5"" wide and 12"" height. The flowers can be made into bouquets, used as table decorations, or in gift wrapping.",,,,,https://www.vanchai.in/product-page/fuscia-sola-flower-5pcs,,999.0,DRIED_PLANT,,
DL0082,"Vanchai Natural Dried Chambray Sola Flower, Dried Chambray Sola Flower, Vase Filler for Home, Office, Bedroom, Table Corner Decoration, DIY Craft ? Set of 5 (Ombre Mauve Sola Flower (5pcs))",,"Handmade flowers that are made from tapioca wood peel. It is a softwood. Sola wood- is an entirely natural product derived from the tapioca plant. Make bouquets, table number holders, and decorations. The blossoms measure 2.5"" wide and 12"" height. The flowers can be made into bouquets, used as table decorations, or in gift wrapping. Vanchai is a one-stop destination for all your dried & natural flowers, botanicals, exotics, potpourri, sola flowers, palm items, cane items & jute items. It is ethically sourced from the forests of India and kept as natural as possible. It can be used to decorate trays, food platters, vases, bouquets, bowls, wedding, arrangements, and events. Give your home a Floralis makeover by going natural. Set Of 5 | Color: Grey | Handmade flowers that are made from Sola,Naturally Dried,Handmade flowers that are made from tapioca wood peel. It is a softwood. Sola wood- is an entirely natural product derived from the tapioca plant. Make bouquets, table number holders, and decorations.,Make bouquets, table number holders, and decorations.,Naturally Dried Handmade flowers that are made from tapioca wood peel. It is a softwood. Sola wood- is an entirely natural product derived from the tapioca plant. Make bouquets, table number holders, and decorations. Make bouquets, table number holders, and decorations. The blossoms measure 2.5"" wide and 12"" height. The flowers can be made into bouquets, used as table decorations, or in gift wrapping.",,,,,https://www.vanchai.in/product-page/ombre-mauve-sola-flower-5pcs,,999.0,DRIED_PLANT,,
DL0083,"Vanchai Natural Dried Chambray Sola Flower, Dried Chambray Sola Flower, Vase Filler for Home, Office, Bedroom, Table Corner Decoration, DIY Craft ? Set of 5 (Ombre Wine Sola Flower (5pcs))",,"Handmade flowers that are made from tapioca wood peel. It is a softwood. Sola wood- is an entirely natural product derived from the tapioca plant. Make bouquets, table number holders, and decorations. The blossoms measure 2.5"" wide and 12"" height. The flowers can be made into bouquets, used as table decorations, or in gift wrapping. Vanchai is a one-stop destination for all your dried & natural flowers, botanicals, exotics, potpourri, sola flowers, palm items, cane items & jute items. It is ethically sourced from the forests of India and kept as natural as possible. It can be used to decorate trays, food platters, vases, bouquets, bowls, wedding, arrangements, and events. Give your home a Floralis makeover by going natural. Set Of 5 | Color: Grey | Handmade flowers that are made from Sola,Naturally Dried,Handmade flowers that are made from tapioca wood peel. It is a softwood. Sola wood- is an entirely natural product derived from the tapioca plant. Make bouquets, table number holders, and decorations.,Make bouquets, table number holders, and decorations.,Naturally Dried Handmade flowers that are made from tapioca wood peel. It is a softwood. Sola wood- is an entirely natural product derived from the tapioca plant. Make bouquets, table number holders, and decorations. Make bouquets, table number holders, and decorations. The blossoms measure 2.5"" wide and 12"" height. The flowers can be made into bouquets, used as table decorations, or in gift wrapping.",,,,,https://www.vanchai.in/product-page/ombre-wine-sola-flower-5pcs,,999.0,DRIED_PLANT,,
DL0084,"Vanchai Natural Dried Chambray Sola Flower, Dried Chambray Sola Flower, Vase Filler for Home, Office, Bedroom, Table Corner Decoration, DIY Craft ? Set of 5 (Scarlet Red Sola Flower, (5pcs))",,"Handmade flowers that are made from tapioca wood peel. It is a softwood. Sola wood- is an entirely natural product derived from the tapioca plant. Make bouquets, table number holders, and decorations. The blossoms measure 2.5"" wide and 12"" height. The flowers can be made into bouquets, used as table decorations, or in gift wrapping. Vanchai is a one-stop destination for all your dried & natural flowers, botanicals, exotics, potpourri, sola flowers, palm items, cane items & jute items. It is ethically sourced from the forests of India and kept as natural as possible. It can be used to decorate trays, food platters, vases, bouquets, bowls, wedding, arrangements, and events. Give your home a Floralis makeover by going natural. Set Of 5 | Color: Grey | Handmade flowers that are made from Sola,Naturally Dried,Handmade flowers that are made from tapioca wood peel. It is a softwood. Sola wood- is an entirely natural product derived from the tapioca plant. Make bouquets, table number holders, and decorations.,Make bouquets, table number holders, and decorations.,Naturally Dried Handmade flowers that are made from tapioca wood peel. It is a softwood. Sola wood- is an entirely natural product derived from the tapioca plant. Make bouquets, table number holders, and decorations. Make bouquets, table number holders, and decorations. The blossoms measure 2.5"" wide and 12"" height. The flowers can be made into bouquets, used as table decorations, or in gift wrapping.",,,,,https://www.vanchai.in/product-page/barbie-pink-sola-flower-5pcs,,999.0,DRIED_PLANT,,
DL0085,"Vanchai Natural Dried Chambray Sola Flower, Dried Chambray Sola Flower, Vase Filler for Home, Office, Bedroom, Table Corner Decoration, DIY Craft ? Set of 5 (Ochre Sola Flower, (5pcs))",,"Handmade flowers that are made from tapioca wood peel. It is a softwood. Sola wood- is an entirely natural product derived from the tapioca plant. Make bouquets, table number holders, and decorations. The blossoms measure 2.5"" wide and 12"" height. The flowers can be made into bouquets, used as table decorations, or in gift wrapping. Vanchai is a one-stop destination for all your dried & natural flowers, botanicals, exotics, potpourri, sola flowers, palm items, cane items & jute items. It is ethically sourced from the forests of India and kept as natural as possible. It can be used to decorate trays, food platters, vases, bouquets, bowls, wedding, arrangements, and events. Give your home a Floralis makeover by going natural. Set Of 5 | Color: Grey | Handmade flowers that are made from Sola,Naturally Dried,Handmade flowers that are made from tapioca wood peel. It is a softwood. Sola wood- is an entirely natural product derived from the tapioca plant. Make bouquets, table number holders, and decorations.,Make bouquets, table number holders, and decorations.,Naturally Dried Handmade flowers that are made from tapioca wood peel. It is a softwood. Sola wood- is an entirely natural product derived from the tapioca plant. Make bouquets, table number holders, and decorations. Make bouquets, table number holders, and decorations. The blossoms measure 2.5"" wide and 12"" height. The flowers can be made into bouquets, used as table decorations, or in gift wrapping.",,,,,https://www.vanchai.in/product-page/ochre-sola-flower-5pcs,,999.0,DRIED_PLANT,,
DL0087,"Vanchai Natural Dried Chambray Sola Flower, Dried Chambray Sola Flower, Vase Filler for Home, Office, Bedroom, Table Corner Decoration, DIY Craft ? Set of 5 (Ombre Ochre Sola Flower (5pcs))",,"Handmade flowers that are made from tapioca wood peel. It is a softwood. Sola wood- is an entirely natural product derived from the tapioca plant. Make bouquets, table number holders, and decorations. The blossoms measure 2.5"" wide and 12"" height. The flowers can be made into bouquets, used as table decorations, or in gift wrapping. Vanchai is a one-stop destination for all your dried & natural flowers, botanicals, exotics, potpourri, sola flowers, palm items, cane items & jute items. It is ethically sourced from the forests of India and kept as natural as possible. It can be used to decorate trays, food platters, vases, bouquets, bowls, wedding, arrangements, and events. Give your home a Floralis makeover by going natural. Set Of 5 | Color: Grey | Handmade flowers that are made from Sola,Naturally Dried,Handmade flowers that are made from tapioca wood peel. It is a softwood. Sola wood- is an entirely natural product derived from the tapioca plant. Make bouquets, table number holders, and decorations.,Make bouquets, table number holders, and decorations.,Naturally Dried Handmade flowers that are made from tapioca wood peel. It is a softwood. Sola wood- is an entirely natural product derived from the tapioca plant. Make bouquets, table number holders, and decorations. Make bouquets, table number holders, and decorations. The blossoms measure 2.5"" wide and 12"" height. The flowers can be made into bouquets, used as table decorations, or in gift wrapping.",,,,,https://www.vanchai.in/product-page/ombre-ochre-sola-flower-5pcs,,999.0,DRIED_PLANT,,
DL0088,"Vanchai Natural Dried Chambray Sola Flower, Dried Chambray Sola Flower, Vase Filler for Home, Office, Bedroom, Table Corner Decoration, DIY Craft ? Set of 5 (Sunflower Sola (5pcs))",,"Handmade flowers that are made from tapioca wood peel. It is a softwood. Sola wood- is an entirely natural product derived from the tapioca plant. Make bouquets, table number holders, and decorations. The blossoms measure 2.5"" wide and 12"" height. The flowers can be made into bouquets, used as table decorations, or in gift wrapping. Vanchai is a one-stop destination for all your dried & natural flowers, botanicals, exotics, potpourri, sola flowers, palm items, cane items & jute items. It is ethically sourced from the forests of India and kept as natural as possible. It can be used to decorate trays, food platters, vases, bouquets, bowls, wedding, arrangements, and events. Give your home a Floralis makeover by going natural. Set Of 5 | Color: Grey | Handmade flowers that are made from Sola,Naturally Dried,Handmade flowers that are made from tapioca wood peel. It is a softwood. Sola wood- is an entirely natural product derived from the tapioca plant. Make bouquets, table number holders, and decorations.,Make bouquets, table number holders, and decorations.,Naturally Dried Handmade flowers that are made from tapioca wood peel. It is a softwood. Sola wood- is an entirely natural product derived from the tapioca plant. Make bouquets, table number holders, and decorations. Make bouquets, table number holders, and decorations. The blossoms measure 2.5"" wide and 12"" height. The flowers can be made into bouquets, used as table decorations, or in gift wrapping.",,,,,https://www.vanchai.in/product-page/sunflower-sola-flower-5pcs,,999.0,DRIED_PLANT,,
DL0089,"Vanchai Natural Dried Chambray Sola Flower, Dried Chambray Sola Flower, Vase Filler for Home, Office, Bedroom, Table Corner Decoration, DIY Craft ? Set of 5 (Ombre Mauve Dahlia Sola Flower (5pcs))",,"Handmade flowers that are made from tapioca wood peel. It is a softwood. Sola wood- is an entirely natural product derived from the tapioca plant. Make bouquets, table number holders, and decorations. The blossoms measure 2.5"" wide and 12"" height. The flowers can be made into bouquets, used as table decorations, or in gift wrapping. Vanchai is a one-stop destination for all your dried & natural flowers, botanicals, exotics, potpourri, sola flowers, palm items, cane items & jute items. It is ethically sourced from the forests of India and kept as natural as possible. It can be used to decorate trays, food platters, vases, bouquets, bowls, wedding, arrangements, and events. Give your home a Floralis makeover by going natural. Set Of 5 | Color: Grey | Handmade flowers that are made from Sola,Naturally Dried,Handmade flowers that are made from tapioca wood peel. It is a softwood. Sola wood- is an entirely natural product derived from the tapioca plant. Make bouquets, table number holders, and decorations.,Make bouquets, table number holders, and decorations.,Naturally Dried Handmade flowers that are made from tapioca wood peel. It is a softwood. Sola wood- is an entirely natural product derived from the tapioca plant. Make bouquets, table number holders, and decorations. Make bouquets, table number holders, and decorations. The blossoms measure 2.5"" wide and 12"" height. The flowers can be made into bouquets, used as table decorations, or in gift wrapping.",,,,,https://www.vanchai.in/product-page/ombre-mauve-dahlia-sola-flower-5pcs,,999.0,DRIED_PLANT,,
DL0090,"Vanchai Natural Dried Chambray Sola Flower, Dried Chambray Sola Flower, Vase Filler for Home, Office, Bedroom, Table Corner Decoration, DIY Craft ? Set of 5 (Purple Dahlia Sola Flower (5pcs))",,"Handmade flowers that are made from tapioca wood peel. It is a softwood. Sola wood- is an entirely natural product derived from the tapioca plant. Make bouquets, table number holders, and decorations. The blossoms measure 2.5"" wide and 12"" height. The flowers can be made into bouquets, used as table decorations, or in gift wrapping. Vanchai is a one-stop destination for all your dried & natural flowers, botanicals, exotics, potpourri, sola flowers, palm items, cane items & jute items. It is ethically sourced from the forests of India and kept as natural as possible. It can be used to decorate trays, food platters, vases, bouquets, bowls, wedding, arrangements, and events. Give your home a Floralis makeover by going natural. Set Of 5 | Color: Grey | Handmade flowers that are made from Sola,Naturally Dried,Handmade flowers that are made from tapioca wood peel. It is a softwood. Sola wood- is an entirely natural product derived from the tapioca plant. Make bouquets, table number holders, and decorations.,Make bouquets, table number holders, and decorations.,Naturally Dried Handmade flowers that are made from tapioca wood peel. It is a softwood. Sola wood- is an entirely natural product derived from the tapioca plant. Make bouquets, table number holders, and decorations. Make bouquets, table number holders, and decorations. The blossoms measure 2.5"" wide and 12"" height. The flowers can be made into bouquets, used as table decorations, or in gift wrapping.",,,,,https://www.vanchai.in/product-page/purple-dahlia-sola-flower-5pcs,,999.0,DRIED_PLANT,,
DL0091,"Vanchai Natural Dried Chambray Sola Flower, Dried Chambray Sola Flower, Vase Filler for Home, Office, Bedroom, Table Corner Decoration, DIY Craft ? Set of 5 (Chambray Sola Flower (5pcs))",,"Handmade flowers that are made from tapioca wood peel. It is a softwood. Sola wood- is an entirely natural product derived from the tapioca plant. Make bouquets, table number holders, and decorations. The blossoms measure 2.5"" wide and 12"" height. The flowers can be made into bouquets, used as table decorations, or in gift wrapping. Vanchai is a one-stop destination for all your dried & natural flowers, botanicals, exotics, potpourri, sola flowers, palm items, cane items & jute items. It is ethically sourced from the forests of India and kept as natural as possible. It can be used to decorate trays, food platters, vases, bouquets, bowls, wedding, arrangements, and events. Give your home a Floralis makeover by going natural. Set Of 5 | Color: Grey | Handmade flowers that are made from Sola,Naturally Dried,Handmade flowers that are made from tapioca wood peel. It is a softwood. Sola wood- is an entirely natural product derived from the tapioca plant. Make bouquets, table number holders, and decorations.,Make bouquets, table number holders, and decorations.,Naturally Dried Handmade flowers that are made from tapioca wood peel. It is a softwood. Sola wood- is an entirely natural product derived from the tapioca plant. Make bouquets, table number holders, and decorations. Make bouquets, table number holders, and decorations. The blossoms measure 2.5"" wide and 12"" height. The flowers can be made into bouquets, used as table decorations, or in gift wrapping.",,,,,https://www.vanchai.in/product-page/chambray-sola-flower-5pcs,,999.0,DRIED_PLANT,,
DL0093,"Vanchai Natural Dried Pine Cones 4 Pieces Pinecone On Sticks / stem - 6 Inch Pinecones with 12"" Stick for Home, Party, Office, Table , Vase Fillers (Mushroom - Pack of 4)",,"Natural Dried Pine Cones 4 Pieces Pinecone On Sticks/stem - 6 Inch Pinecones with 12"" Stick for Home, Party, Office, Bedroom, Table, Vase Fillers, Christmas Tree Decoration | Color: Natural | FLOWER ARRANGEMENT SUPPLIES - The natural pine cones are suitable to applied for flower arrangement, arrange flowers in a vase or a bouquet with several pine cone sticks, making the bouquet look more natural and fresh.,PINE CONE ON STICK 100% NATURAL - Each bunch of dry pine cone is 100% natural and eco-friendly.,100% Natural,Craft of Forest Mushroom, Forest dried pine stem & seeds, Dried Palm waste, Palm Sticks, Lotus seed.,PINE CONE ON STICK 100% NATURAL - Each bunch of dry pine cone is 100% natural and eco-friendly. 100% Natural Craft of Forest Mushroom, Forest dried pine stem & seeds, Dried Palm waste, Palm Sticks, Lotus seed. 0% Plastic & Acrylic",,,,,https://www.vanchai.in/product-page/dried-mushrooms-mushroom-lovers-gift-fairy-mushroom-set-of-4,,999.0,DRIED_PLANT,,
DL0111,Natural Dried Dune Grass/Bunch/Decor/2.5 ft stems,,"Add a touch of earthy elegance to your space with our Dune Dried Grass. Handpicked and naturally dried, these tall, wispy stems feature a soft, sandy hue that brings warmth and texture to any setting. Perfect for vases, wall arrangements, or DIY crafts, the minimalist yet organic design complements boho, rustic, and modern interiors alike. Low-maintenance and long-lasting, it’s an effortless way to elevate your home décor year-round.

Height: 2.5 ft

Color: Soft beige-green

Material: 100% natural dried grass

Use: Indoor decorative purposes only | Color: Natural | Natural Elegance – Made from 100% real dried dune grass, perfect for adding rustic charm to any space.,Versatile Decor – Ideal for vases, table centerpieces, shelf styling, or wall displays.,Neutral Tones – Soft beige-green hue blends effortlessly with boho, modern, or farmhouse interiors.,Low Maintenance – Long-lasting and requires no watering or sunlight.,Versatile Decor – Ideal for vases, table centerpieces, shelf styling, or wall displays. Neutral Tones – Soft beige-green hue blends effortlessly with boho, modern, or farmhouse interiors. Low Maintenance – Long-lasting and requires no watering or sunlight. Care Instructions – Keep dry; avoid direct sunlight and humidity to preserve color and texture.",,,,,https://www.vanchai.in/product-page/natural-dune-grass-bunch-decor-2-5-ft-stems,,999.0,DRIED_PLANT,,
Dl0027,"Vanchai Natural Dried Pine Cones 4 Pieces Pinecone On Sticks / stem - 6 Inch Pinecones with 12"" Stick for Home, Party, Office, Table , Vase Fillers (Pine Cone - Pack of 4)",,"Natural Dried Pine Cones 4 Pieces Pinecone On Sticks/stem - 6 Inch Pinecones with 12"" Stick for Home, Party, Office, Bedroom, Table, Vase Fillers, Christmas Tree Decoration | Color: Natural | FLOWER ARRANGEMENT SUPPLIES - The natural pine cones are suitable to applied for flower arrangement, arrange flowers in a vase or a bouquet with several pine cone sticks, making the bouquet look more natural and fresh.,PINE CONE ON STICK 100% NATURAL - Each bunch of dry pine cone is 100% natural and eco-friendly.,100% Natural,Craft of Forest Mushroom, Forest dried pine stem & seeds, Dried Palm waste, Palm Sticks, Lotus seed.,PINE CONE ON STICK 100% NATURAL - Each bunch of dry pine cone is 100% natural and eco-friendly. 100% Natural Craft of Forest Mushroom, Forest dried pine stem & seeds, Dried Palm waste, Palm Sticks, Lotus seed. 0% Plastic & Acrylic",,,,,https://www.vanchai.in/product-page/natural-pine-cones-tall-27-set-of-4,,999.0,DRIED_PLANT,,
Dl0028,"Vanchai Natural Dried Pine Cones 4 Pieces Pinecone On Sticks / stem - 6 Inch Pinecones with 12"" Stick for Home, Party, Office, Table , Vase Fillers (Pine Cone - Pack of 6)",,"Natural Dried Pine Cones 4 Pieces Pinecone On Sticks/stem - 6 Inch Pinecones with 12"" Stick for Home, Party, Office, Bedroom, Table, Vase Fillers, Christmas Tree Decoration | Color: Natural | FLOWER ARRANGEMENT SUPPLIES - The natural pine cones are suitable to applied for flower arrangement, arrange flowers in a vase or a bouquet with several pine cone sticks, making the bouquet look more natural and fresh.,PINE CONE ON STICK 100% NATURAL - Each bunch of dry pine cone is 100% natural and eco-friendly.,100% Natural,Craft of Forest Mushroom, Forest dried pine stem & seeds, Dried Palm waste, Palm Sticks, Lotus seed.,PINE CONE ON STICK 100% NATURAL - Each bunch of dry pine cone is 100% natural and eco-friendly. 100% Natural Craft of Forest Mushroom, Forest dried pine stem & seeds, Dried Palm waste, Palm Sticks, Lotus seed. 0% Plastic & Acrylic",,,,,https://www.vanchai.in/product-page/natural-pine-21-set-of-6,,999.0,DRIED_PLANT,,
VA0007,"Handmade Mitti Ke Glass, Terracotta Clay Earthen Glasses for Drinking Water, Juice, Lassi, Chai 225 Ml, Set of 2 (Round Stripe Coffee Mug - 2 Set)",,"Elevate your beverage experience with this exquisite handcrafted terracotta glass set, created by the talented artisans of West Bengal. Perfect for enjoying refreshing water, thandai, or lassi in the summer, this eco-friendly and reusable glass set will enhance any drink. Featuring a unique design that is both comfortable to hold and visually striking, these glasses are sure to impress your guests. Distinguish yourself and indulge in your favorite beverages with this exceptional glass set. Support local craftsmanship by purchasing from a small Indian business. Made with high-quality terracotta and mitti, these glasses are not just functional but a testament to traditional artistry. | Color: Terracotta | These glasses are skillfully handcrafted in terracotta and clay by the artisans,Terracotta is also known to improve maintaining pH balance, among other health benefits,Use them for drinking water, lassi, thandai in Holi or any other beverage of your choice,Especially suitable for consuming cool beverages in the hot summer,Terracotta is also known to improve maintaining pH balance, among other health benefits Use them for drinking water, lassi, thandai in Holi or any other beverage of your choice Especially suitable for consuming cool beverages in the hot summer",,,,,https://www.vanchai.in/product-page/vanchai-terracotta-matte-finish-engraved-mug-for-coffee-drinks-set-of-2,,999.0,DRINKING_CUP,,
VA0021,"Handmade Mitti Ke Glass, Terracotta Clay Earthen Glasses for Drinking Water, Juice, Lassi, Chai 225 Ml (Engraved Offer Mug - 2 Set)",,"Elevate your beverage experience with this exquisite handcrafted terracotta glass set, created by the talented artisans of West Bengal. Perfect for enjoying refreshing water, thandai, or lassi in the summer, this eco-friendly and reusable glass set will enhance any drink. Featuring a unique design that is both comfortable to hold and visually striking, these glasses are sure to impress your guests. Distinguish yourself and indulge in your favorite beverages with this exceptional glass set. Support local craftsmanship by purchasing from a small Indian business. Made with high-quality terracotta and mitti, these glasses are not just functional but a testament to traditional artistry. | Color: Terracotta | These glasses are skillfully handcrafted in terracotta and clay by the artisans,Terracotta is also known to improve maintaining pH balance, among other health benefits,Use them for drinking water, lassi, thandai in Holi or any other beverage of your choice,Especially suitable for consuming cool beverages in the hot summer,Terracotta is also known to improve maintaining pH balance, among other health benefits Use them for drinking water, lassi, thandai in Holi or any other beverage of your choice Especially suitable for consuming cool beverages in the hot summer",,,,,https://www.vanchai.in/product-page/terracotta-earthen-engraved-mug-for-coffee-drinks-set-of-2,,999.0,DRINKING_CUP,,
